UID,Abrev,County_State_Key
84001001,AL,Autauga AL
84001003,AL,Baldwin AL
84001005,AL,Barbour AL
84001007,AL,Bibb AL
84001009,AL,Blount AL
84001011,AL,Bullock AL
84001013,AL,Butler AL
84001015,AL,Calhoun AL
84001017,AL,Chambers AL
84001019,AL,Cherokee AL
84001021,AL,Chilton AL
84001023,AL,Choctaw AL
84001025,AL,Clarke AL
84001027,AL,Clay AL
84001029,AL,Cleburne AL
84001031,AL,Coffee AL
84001033,AL,Colbert AL
84001035,AL,Conecuh AL
84001037,AL,Coosa AL
84001039,AL,Covington AL
84001041,AL,Crenshaw AL
84001043,AL,Cullman AL
84001045,AL,Dale AL
84001047,AL,Dallas AL
84001049,AL,DeKalb AL
84001051,AL,Elmore AL
84001053,AL,Escambia AL
84001055,AL,Etowah AL
84001057,AL,Fayette AL
84001059,AL,Franklin AL
84001061,AL,Geneva AL
84001063,AL,Greene AL
84001065,AL,Hale AL
84001067,AL,Henry AL
84001069,AL,Houston AL
84001071,AL,Jackson AL
84001073,AL,Jefferson AL
84001075,AL,Lamar AL
84001077,AL,Lauderdale AL
84001079,AL,Lawrence AL
84001081,AL,Lee AL
84001083,AL,Limestone AL
84001085,AL,Lowndes AL
84001087,AL,Macon AL
84001089,AL,Madison AL
84001091,AL,Marengo AL
84001093,AL,Marion AL
84001095,AL,Marshall AL
84001097,AL,Mobile AL
84001099,AL,Monroe AL
84001101,AL,Montgomery AL
84001103,AL,Morgan AL
84080001,AL,Out of AL AL
84001105,AL,Perry AL
84001107,AL,Pickens AL
84001109,AL,Pike AL
84001111,AL,Randolph AL
84001113,AL,Russell AL
84001117,AL,Shelby AL
84001115,AL,St. Clair AL
84001119,AL,Sumter AL
84001121,AL,Talladega AL
84001123,AL,Tallapoosa AL
84001125,AL,Tuscaloosa AL
84001127,AL,Walker AL
84001129,AL,Washington AL
84001131,AL,Wilcox AL
84001133,AL,Winston AL
84002013,AK,Aleutians East AK
84002016,AK,Aleutians West AK
84002020,AK,Anchorage AK
84002050,AK,Bethel AK
84002060,AK,Bristol Bay AK
84002164,AK,Bristol Bay plus Lake and Peninsula AK
84002063,AK,Chugach AK
84002066,AK,Copper River AK
84002068,AK,Denali AK
84002070,AK,Dillingham AK
84002090,AK,Fairbanks North Star AK
84002100,AK,Haines AK
84002105,AK,Hoonah-Angoon AK
84002110,AK,Juneau AK
84002122,AK,Kenai Peninsula AK
84002130,AK,Ketchikan Gateway AK
84002150,AK,Kodiak Island AK
84002158,AK,Kusilvak AK
84002170,AK,Matanuska-Susitna AK
84002180,AK,Nome AK
84002185,AK,North Slope AK
84002188,AK,Northwest Arctic AK
84080002,AK,Out of AK AK
84002195,AK,Petersburg AK
84002198,AK,Prince of Wales-Hyder AK
84002220,AK,Sitka AK
84002230,AK,Skagway AK
84002240,AK,Southeast Fairbanks AK
84002261,AK,Valdez-Cordova AK
84002275,AK,Wrangell AK
84002282,AK,Yakutat AK
84002290,AK,Yukon-Koyukuk AK
84004001,AZ,Apache AZ
84004003,AZ,Cochise AZ
84004005,AZ,Coconino AZ
84004007,AZ,Gila AZ
84004009,AZ,Graham AZ
84004011,AZ,Greenlee AZ
84004012,AZ,La Paz AZ
84004013,AZ,Maricopa AZ
84004015,AZ,Mohave AZ
84004017,AZ,Navajo AZ
84080004,AZ,Out of AZ AZ
84004019,AZ,Pima AZ
84004021,AZ,Pinal AZ
84004023,AZ,Santa Cruz AZ
84004025,AZ,Yavapai AZ
84004027,AZ,Yuma AZ
84005001,AR,Arkansas AR
84005003,AR,Ashley AR
84005005,AR,Baxter AR
84005007,AR,Benton AR
84005009,AR,Boone AR
84005011,AR,Bradley AR
84005013,AR,Calhoun AR
84005015,AR,Carroll AR
84005017,AR,Chicot AR
84005019,AR,Clark AR
84005021,AR,Clay AR
84005023,AR,Cleburne AR
84005025,AR,Cleveland AR
84005027,AR,Columbia AR
84005029,AR,Conway AR
84005031,AR,Craighead AR
84005033,AR,Crawford AR
84005035,AR,Crittenden AR
84005037,AR,Cross AR
84005039,AR,Dallas AR
84005041,AR,Desha AR
84005043,AR,Drew AR
84005045,AR,Faulkner AR
84005047,AR,Franklin AR
84005049,AR,Fulton AR
84005051,AR,Garland AR
84005053,AR,Grant AR
84005055,AR,Greene AR
84005057,AR,Hempstead AR
84005059,AR,Hot Spring AR
84005061,AR,Howard AR
84005063,AR,Independence AR
84005065,AR,Izard AR
84005067,AR,Jackson AR
84005069,AR,Jefferson AR
84005071,AR,Johnson AR
84005073,AR,Lafayette AR
84005075,AR,Lawrence AR
84005077,AR,Lee AR
84005079,AR,Lincoln AR
84005081,AR,Little River AR
84005083,AR,Logan AR
84005085,AR,Lonoke AR
84005087,AR,Madison AR
84005089,AR,Marion AR
84005091,AR,Miller AR
84005093,AR,Mississippi AR
84005095,AR,Monroe AR
84005097,AR,Montgomery AR
84005099,AR,Nevada AR
84005101,AR,Newton AR
84005103,AR,Ouachita AR
84080005,AR,Out of AR AR
84005105,AR,Perry AR
84005107,AR,Phillips AR
84005109,AR,Pike AR
84005111,AR,Poinsett AR
84005113,AR,Polk AR
84005115,AR,Pope AR
84005117,AR,Prairie AR
84005119,AR,Pulaski AR
84005121,AR,Randolph AR
84005125,AR,Saline AR
84005127,AR,Scott AR
84005129,AR,Searcy AR
84005131,AR,Sebastian AR
84005133,AR,Sevier AR
84005135,AR,Sharp AR
84005123,AR,St. Francis AR
84005137,AR,Stone AR
84005139,AR,Union AR
84005141,AR,Van Buren AR
84005143,AR,Washington AR
84005145,AR,White AR
84005147,AR,Woodruff AR
84005149,AR,Yell AR
84006001,CA,Alameda CA
84006003,CA,Alpine CA
84006005,CA,Amador CA
84006007,CA,Butte CA
84006009,CA,Calaveras CA
84006011,CA,Colusa CA
84006013,CA,Contra Costa CA
84006015,CA,Del Norte CA
84006017,CA,El Dorado CA
84006019,CA,Fresno CA
84006021,CA,Glenn CA
84006023,CA,Humboldt CA
84006025,CA,Imperial CA
84006027,CA,Inyo CA
84006029,CA,Kern CA
84006031,CA,Kings CA
84006033,CA,Lake CA
84006035,CA,Lassen CA
84006037,CA,Los Angeles CA
84006039,CA,Madera CA
84006041,CA,Marin CA
84006043,CA,Mariposa CA
84006045,CA,Mendocino CA
84006047,CA,Merced CA
84006049,CA,Modoc CA
84006051,CA,Mono CA
84006053,CA,Monterey CA
84006055,CA,Napa CA
84006057,CA,Nevada CA
84006059,CA,Orange CA
84080006,CA,Out of CA CA
84006061,CA,Placer CA
84006063,CA,Plumas CA
84006065,CA,Riverside CA
84006067,CA,Sacramento CA
84006069,CA,San Benito CA
84006071,CA,San Bernardino CA
84006073,CA,San Diego CA
84006075,CA,San Francisco CA
84006077,CA,San Joaquin CA
84006079,CA,San Luis Obispo CA
84006081,CA,San Mateo CA
84006083,CA,Santa Barbara CA
84006085,CA,Santa Clara CA
84006087,CA,Santa Cruz CA
84006089,CA,Shasta CA
84006091,CA,Sierra CA
84006093,CA,Siskiyou CA
84006095,CA,Solano CA
84006097,CA,Sonoma CA
84006099,CA,Stanislaus CA
84006101,CA,Sutter CA
84006103,CA,Tehama CA
84006105,CA,Trinity CA
84006107,CA,Tulare CA
84006109,CA,Tuolumne CA
84006111,CA,Ventura CA
84006113,CA,Yolo CA
84006115,CA,Yuba CA
84008001,CO,Adams CO
84008003,CO,Alamosa CO
84008005,CO,Arapahoe CO
84008007,CO,Archuleta CO
84008009,CO,Baca CO
84008011,CO,Bent CO
84008013,CO,Boulder CO
84008014,CO,Broomfield CO
84008015,CO,Chaffee CO
84008017,CO,Cheyenne CO
84008019,CO,Clear Creek CO
84008021,CO,Conejos CO
84008023,CO,Costilla CO
84008025,CO,Crowley CO
84008027,CO,Custer CO
84008029,CO,Delta CO
84008031,CO,Denver CO
84008033,CO,Dolores CO
84008035,CO,Douglas CO
84008037,CO,Eagle CO
84008041,CO,El Paso CO
84008039,CO,Elbert CO
84008043,CO,Fremont CO
84008045,CO,Garfield CO
84008047,CO,Gilpin CO
84008049,CO,Grand CO
84008051,CO,Gunnison CO
84008053,CO,Hinsdale CO
84008055,CO,Huerfano CO
84008057,CO,Jackson CO
84008059,CO,Jefferson CO
84008061,CO,Kiowa CO
84008063,CO,Kit Carson CO
84008067,CO,La Plata CO
84008065,CO,Lake CO
84008069,CO,Larimer CO
84008071,CO,Las Animas CO
84008073,CO,Lincoln CO
84008075,CO,Logan CO
84008077,CO,Mesa CO
84008079,CO,Mineral CO
84008081,CO,Moffat CO
84008083,CO,Montezuma CO
84008085,CO,Montrose CO
84008087,CO,Morgan CO
84008089,CO,Otero CO
84008091,CO,Ouray CO
84080008,CO,Out of CO CO
84008093,CO,Park CO
84008095,CO,Phillips CO
84008097,CO,Pitkin CO
84008099,CO,Prowers CO
84008101,CO,Pueblo CO
84008103,CO,Rio Blanco CO
84008105,CO,Rio Grande CO
84008107,CO,Routt CO
84008109,CO,Saguache CO
84008111,CO,San Juan CO
84008113,CO,San Miguel CO
84008115,CO,Sedgwick CO
84008117,CO,Summit CO
84008119,CO,Teller CO
84008121,CO,Washington CO
84008123,CO,Weld CO
84008125,CO,Yuma CO
84009001,CT,Fairfield CT
84009003,CT,Hartford CT
84009005,CT,Litchfield CT
84009007,CT,Middlesex CT
84009009,CT,New Haven CT
84009011,CT,New London CT
84080009,CT,Out of CT CT
84009013,CT,Tolland CT
84009015,CT,Windham CT
84010001,DE,Kent DE
84010003,DE,New Castle DE
84080010,DE,Out of DE DE
84010005,DE,Sussex DE
84012001,FL,Alachua FL
84012003,FL,Baker FL
84012005,FL,Bay FL
84012007,FL,Bradford FL
84012009,FL,Brevard FL
84012011,FL,Broward FL
84012013,FL,Calhoun FL
84012015,FL,Charlotte FL
84012017,FL,Citrus FL
84012019,FL,Clay FL
84012021,FL,Collier FL
84012023,FL,Columbia FL
84012027,FL,DeSoto FL
84012029,FL,Dixie FL
84012031,FL,Duval FL
84012033,FL,Escambia FL
84012035,FL,Flagler FL
84012037,FL,Franklin FL
84012039,FL,Gadsden FL
84012041,FL,Gilchrist FL
84012043,FL,Glades FL
84012045,FL,Gulf FL
84012047,FL,Hamilton FL
84012049,FL,Hardee FL
84012051,FL,Hendry FL
84012053,FL,Hernando FL
84012055,FL,Highlands FL
84012057,FL,Hillsborough FL
84012059,FL,Holmes FL
84012061,FL,Indian River FL
84012063,FL,Jackson FL
84012065,FL,Jefferson FL
84012067,FL,Lafayette FL
84012069,FL,Lake FL
84012071,FL,Lee FL
84012073,FL,Leon FL
84012075,FL,Levy FL
84012077,FL,Liberty FL
84012079,FL,Madison FL
84012081,FL,Manatee FL
84012083,FL,Marion FL
84012085,FL,Martin FL
84012086,FL,Miami-Dade FL
84012087,FL,Monroe FL
84012089,FL,Nassau FL
84012091,FL,Okaloosa FL
84012093,FL,Okeechobee FL
84012095,FL,Orange FL
84012097,FL,Osceola FL
84080012,FL,Out of FL FL
84012099,FL,Palm Beach FL
84012101,FL,Pasco FL
84012103,FL,Pinellas FL
84012105,FL,Polk FL
84012107,FL,Putnam FL
84012113,FL,Santa Rosa FL
84012115,FL,Sarasota FL
84012117,FL,Seminole FL
84012109,FL,St. Johns FL
84012111,FL,St. Lucie FL
84012119,FL,Sumter FL
84012121,FL,Suwannee FL
84012123,FL,Taylor FL
84012125,FL,Union FL
84012127,FL,Volusia FL
84012129,FL,Wakulla FL
84012131,FL,Walton FL
84012133,FL,Washington FL
84013001,GA,Appling GA
84013003,GA,Atkinson GA
84013005,GA,Bacon GA
84013007,GA,Baker GA
84013009,GA,Baldwin GA
84013011,GA,Banks GA
84013013,GA,Barrow GA
84013015,GA,Bartow GA
84013017,GA,Ben Hill GA
84013019,GA,Berrien GA
84013021,GA,Bibb GA
84013023,GA,Bleckley GA
84013025,GA,Brantley GA
84013027,GA,Brooks GA
84013029,GA,Bryan GA
84013031,GA,Bulloch GA
84013033,GA,Burke GA
84013035,GA,Butts GA
84013037,GA,Calhoun GA
84013039,GA,Camden GA
84013043,GA,Candler GA
84013045,GA,Carroll GA
84013047,GA,Catoosa GA
84013049,GA,Charlton GA
84013051,GA,Chatham GA
84013053,GA,Chattahoochee GA
84013055,GA,Chattooga GA
84013057,GA,Cherokee GA
84013059,GA,Clarke GA
84013061,GA,Clay GA
84013063,GA,Clayton GA
84013065,GA,Clinch GA
84013067,GA,Cobb GA
84013069,GA,Coffee GA
84013071,GA,Colquitt GA
84013073,GA,Columbia GA
84013075,GA,Cook GA
84013077,GA,Coweta GA
84013079,GA,Crawford GA
84013081,GA,Crisp GA
84013083,GA,Dade GA
84013085,GA,Dawson GA
84013089,GA,DeKalb GA
84013087,GA,Decatur GA
84013091,GA,Dodge GA
84013093,GA,Dooly GA
84013095,GA,Dougherty GA
84013097,GA,Douglas GA
84013099,GA,Early GA
84013101,GA,Echols GA
84013103,GA,Effingham GA
84013105,GA,Elbert GA
84013107,GA,Emanuel GA
84013109,GA,Evans GA
84013111,GA,Fannin GA
84013113,GA,Fayette GA
84013115,GA,Floyd GA
84013117,GA,Forsyth GA
84013119,GA,Franklin GA
84013121,GA,Fulton GA
84013123,GA,Gilmer GA
84013125,GA,Glascock GA
84013127,GA,Glynn GA
84013129,GA,Gordon GA
84013131,GA,Grady GA
84013133,GA,Greene GA
84013135,GA,Gwinnett GA
84013137,GA,Habersham GA
84013139,GA,Hall GA
84013141,GA,Hancock GA
84013143,GA,Haralson GA
84013145,GA,Harris GA
84013147,GA,Hart GA
84013149,GA,Heard GA
84013151,GA,Henry GA
84013153,GA,Houston GA
84013155,GA,Irwin GA
84013157,GA,Jackson GA
84013159,GA,Jasper GA
84013161,GA,Jeff Davis GA
84013163,GA,Jefferson GA
84013165,GA,Jenkins GA
84013167,GA,Johnson GA
84013169,GA,Jones GA
84013171,GA,Lamar GA
84013173,GA,Lanier GA
84013175,GA,Laurens GA
84013177,GA,Lee GA
84013179,GA,Liberty GA
84013181,GA,Lincoln GA
84013183,GA,Long GA
84013185,GA,Lowndes GA
84013187,GA,Lumpkin GA
84013193,GA,Macon GA
84013195,GA,Madison GA
84013197,GA,Marion GA
84013189,GA,McDuffie GA
84013191,GA,McIntosh GA
84013199,GA,Meriwether GA
84013201,GA,Miller GA
84013205,GA,Mitchell GA
84013207,GA,Monroe GA
84013209,GA,Montgomery GA
84013211,GA,Morgan GA
84013213,GA,Murray GA
84013215,GA,Muscogee GA
84013217,GA,Newton GA
84013219,GA,Oconee GA
84013221,GA,Oglethorpe GA
84080013,GA,Out of GA GA
84013223,GA,Paulding GA
84013225,GA,Peach GA
84013227,GA,Pickens GA
84013229,GA,Pierce GA
84013231,GA,Pike GA
84013233,GA,Polk GA
84013235,GA,Pulaski GA
84013237,GA,Putnam GA
84013239,GA,Quitman GA
84013241,GA,Rabun GA
84013243,GA,Randolph GA
84013245,GA,Richmond GA
84013247,GA,Rockdale GA
84013249,GA,Schley GA
84013251,GA,Screven GA
84013253,GA,Seminole GA
84013255,GA,Spalding GA
84013257,GA,Stephens GA
84013259,GA,Stewart GA
84013261,GA,Sumter GA
84013263,GA,Talbot GA
84013265,GA,Taliaferro GA
84013267,GA,Tattnall GA
84013269,GA,Taylor GA
84013271,GA,Telfair GA
84013273,GA,Terrell GA
84013275,GA,Thomas GA
84013277,GA,Tift GA
84013279,GA,Toombs GA
84013281,GA,Towns GA
84013283,GA,Treutlen GA
84013285,GA,Troup GA
84013287,GA,Turner GA
84013289,GA,Twiggs GA
84013291,GA,Union GA
84013293,GA,Upson GA
84013295,GA,Walker GA
84013297,GA,Walton GA
84013299,GA,Ware GA
84013301,GA,Warren GA
84013303,GA,Washington GA
84013305,GA,Wayne GA
84013307,GA,Webster GA
84013309,GA,Wheeler GA
84013311,GA,White GA
84013313,GA,Whitfield GA
84013315,GA,Wilcox GA
84013317,GA,Wilkes GA
84013319,GA,Wilkinson GA
84013321,GA,Worth GA
84015001,HI,Hawaii HI
84015003,HI,Honolulu HI
84015005,HI,Kalawao HI
84015007,HI,Kauai HI
84015009,HI,Maui HI
84080015,HI,Out of HI HI
84016001,ID,Ada ID
84016003,ID,Adams ID
84016005,ID,Bannock ID
84016007,ID,Bear Lake ID
84016009,ID,Benewah ID
84016011,ID,Bingham ID
84016013,ID,Blaine ID
84016015,ID,Boise ID
84016017,ID,Bonner ID
84016019,ID,Bonneville ID
84016021,ID,Boundary ID
84016023,ID,Butte ID
84016025,ID,Camas ID
84016027,ID,Canyon ID
84016029,ID,Caribou ID
84016031,ID,Cassia ID
84016033,ID,Clark ID
84016035,ID,Clearwater ID
84016037,ID,Custer ID
84016039,ID,Elmore ID
84016041,ID,Franklin ID
84016043,ID,Fremont ID
84016045,ID,Gem ID
84016047,ID,Gooding ID
84016049,ID,Idaho ID
84016051,ID,Jefferson ID
84016053,ID,Jerome ID
84016055,ID,Kootenai ID
84016057,ID,Latah ID
84016059,ID,Lemhi ID
84016061,ID,Lewis ID
84016063,ID,Lincoln ID
84016065,ID,Madison ID
84016067,ID,Minidoka ID
84016069,ID,Nez Perce ID
84016071,ID,Oneida ID
84080016,ID,Out of ID ID
84016073,ID,Owyhee ID
84016075,ID,Payette ID
84016077,ID,Power ID
84016079,ID,Shoshone ID
84016081,ID,Teton ID
84016083,ID,Twin Falls ID
84016085,ID,Valley ID
84016087,ID,Washington ID
84017001,IL,Adams IL
84017003,IL,Alexander IL
84017005,IL,Bond IL
84017007,IL,Boone IL
84017009,IL,Brown IL
84017011,IL,Bureau IL
84017013,IL,Calhoun IL
84017015,IL,Carroll IL
84017017,IL,Cass IL
84017019,IL,Champaign IL
84017021,IL,Christian IL
84017023,IL,Clark IL
84017025,IL,Clay IL
84017027,IL,Clinton IL
84017029,IL,Coles IL
84017031,IL,Cook IL
84017033,IL,Crawford IL
84017035,IL,Cumberland IL
84017039,IL,De Witt IL
84017037,IL,DeKalb IL
84017041,IL,Douglas IL
84017043,IL,DuPage IL
84017045,IL,Edgar IL
84017047,IL,Edwards IL
84017049,IL,Effingham IL
84017051,IL,Fayette IL
84017053,IL,Ford IL
84017055,IL,Franklin IL
84017057,IL,Fulton IL
84017059,IL,Gallatin IL
84017061,IL,Greene IL
84017063,IL,Grundy IL
84017065,IL,Hamilton IL
84017067,IL,Hancock IL
84017069,IL,Hardin IL
84017071,IL,Henderson IL
84017073,IL,Henry IL
84017075,IL,Iroquois IL
84017077,IL,Jackson IL
84017079,IL,Jasper IL
84017081,IL,Jefferson IL
84017083,IL,Jersey IL
84017085,IL,Jo Daviess IL
84017087,IL,Johnson IL
84017089,IL,Kane IL
84017091,IL,Kankakee IL
84017093,IL,Kendall IL
84017095,IL,Knox IL
84017099,IL,LaSalle IL
84017097,IL,Lake IL
84017101,IL,Lawrence IL
84017103,IL,Lee IL
84017105,IL,Livingston IL
84017107,IL,Logan IL
84017115,IL,Macon IL
84017117,IL,Macoupin IL
84017119,IL,Madison IL
84017121,IL,Marion IL
84017123,IL,Marshall IL
84017125,IL,Mason IL
84017127,IL,Massac IL
84017109,IL,McDonough IL
84017111,IL,McHenry IL
84017113,IL,McLean IL
84017129,IL,Menard IL
84017131,IL,Mercer IL
84017133,IL,Monroe IL
84017135,IL,Montgomery IL
84017137,IL,Morgan IL
84017139,IL,Moultrie IL
84017141,IL,Ogle IL
84080017,IL,Out of IL IL
84017143,IL,Peoria IL
84017145,IL,Perry IL
84017147,IL,Piatt IL
84017149,IL,Pike IL
84017151,IL,Pope IL
84017153,IL,Pulaski IL
84017155,IL,Putnam IL
84017157,IL,Randolph IL
84017159,IL,Richland IL
84017161,IL,Rock Island IL
84017165,IL,Saline IL
84017167,IL,Sangamon IL
84017169,IL,Schuyler IL
84017171,IL,Scott IL
84017173,IL,Shelby IL
84017163,IL,St. Clair IL
84017175,IL,Stark IL
84017177,IL,Stephenson IL
84017179,IL,Tazewell IL
84017181,IL,Union IL
84017183,IL,Vermilion IL
84017185,IL,Wabash IL
84017187,IL,Warren IL
84017189,IL,Washington IL
84017191,IL,Wayne IL
84017193,IL,White IL
84017195,IL,Whiteside IL
84017197,IL,Will IL
84017199,IL,Williamson IL
84017201,IL,Winnebago IL
84017203,IL,Woodford IL
84018001,IN,Adams IN
84018003,IN,Allen IN
84018005,IN,Bartholomew IN
84018007,IN,Benton IN
84018009,IN,Blackford IN
84018011,IN,Boone IN
84018013,IN,Brown IN
84018015,IN,Carroll IN
84018017,IN,Cass IN
84018019,IN,Clark IN
84018021,IN,Clay IN
84018023,IN,Clinton IN
84018025,IN,Crawford IN
84018027,IN,Daviess IN
84018033,IN,DeKalb IN
84018029,IN,Dearborn IN
84018031,IN,Decatur IN
84018035,IN,Delaware IN
84018037,IN,Dubois IN
84018039,IN,Elkhart IN
84018041,IN,Fayette IN
84018043,IN,Floyd IN
84018045,IN,Fountain IN
84018047,IN,Franklin IN
84018049,IN,Fulton IN
84018051,IN,Gibson IN
84018053,IN,Grant IN
84018055,IN,Greene IN
84018057,IN,Hamilton IN
84018059,IN,Hancock IN
84018061,IN,Harrison IN
84018063,IN,Hendricks IN
84018065,IN,Henry IN
84018067,IN,Howard IN
84018069,IN,Huntington IN
84018071,IN,Jackson IN
84018073,IN,Jasper IN
84018075,IN,Jay IN
84018077,IN,Jefferson IN
84018079,IN,Jennings IN
84018081,IN,Johnson IN
84018083,IN,Knox IN
84018085,IN,Kosciusko IN
84018087,IN,LaGrange IN
84018091,IN,LaPorte IN
84018089,IN,Lake IN
84018093,IN,Lawrence IN
84018095,IN,Madison IN
84018097,IN,Marion IN
84018099,IN,Marshall IN
84018101,IN,Martin IN
84018103,IN,Miami IN
84018105,IN,Monroe IN
84018107,IN,Montgomery IN
84018109,IN,Morgan IN
84018111,IN,Newton IN
84018113,IN,Noble IN
84018115,IN,Ohio IN
84018117,IN,Orange IN
84080018,IN,Out of IN IN
84018119,IN,Owen IN
84018121,IN,Parke IN
84018123,IN,Perry IN
84018125,IN,Pike IN
84018127,IN,Porter IN
84018129,IN,Posey IN
84018131,IN,Pulaski IN
84018133,IN,Putnam IN
84018135,IN,Randolph IN
84018137,IN,Ripley IN
84018139,IN,Rush IN
84018143,IN,Scott IN
84018145,IN,Shelby IN
84018147,IN,Spencer IN
84018141,IN,St. Joseph IN
84018149,IN,Starke IN
84018151,IN,Steuben IN
84018153,IN,Sullivan IN
84018155,IN,Switzerland IN
84018157,IN,Tippecanoe IN
84018159,IN,Tipton IN
84018161,IN,Union IN
84018163,IN,Vanderburgh IN
84018165,IN,Vermillion IN
84018167,IN,Vigo IN
84018169,IN,Wabash IN
84018171,IN,Warren IN
84018173,IN,Warrick IN
84018175,IN,Washington IN
84018177,IN,Wayne IN
84018179,IN,Wells IN
84018181,IN,White IN
84018183,IN,Whitley IN
84019001,IA,Adair IA
84019003,IA,Adams IA
84019005,IA,Allamakee IA
84019007,IA,Appanoose IA
84019009,IA,Audubon IA
84019011,IA,Benton IA
84019013,IA,Black Hawk IA
84019015,IA,Boone IA
84019017,IA,Bremer IA
84019019,IA,Buchanan IA
84019021,IA,Buena Vista IA
84019023,IA,Butler IA
84019025,IA,Calhoun IA
84019027,IA,Carroll IA
84019029,IA,Cass IA
84019031,IA,Cedar IA
84019033,IA,Cerro Gordo IA
84019035,IA,Cherokee IA
84019037,IA,Chickasaw IA
84019039,IA,Clarke IA
84019041,IA,Clay IA
84019043,IA,Clayton IA
84019045,IA,Clinton IA
84019047,IA,Crawford IA
84019049,IA,Dallas IA
84019051,IA,Davis IA
84019053,IA,Decatur IA
84019055,IA,Delaware IA
84019057,IA,Des Moines IA
84019059,IA,Dickinson IA
84019061,IA,Dubuque IA
84019063,IA,Emmet IA
84019065,IA,Fayette IA
84019067,IA,Floyd IA
84019069,IA,Franklin IA
84019071,IA,Fremont IA
84019073,IA,Greene IA
84019075,IA,Grundy IA
84019077,IA,Guthrie IA
84019079,IA,Hamilton IA
84019081,IA,Hancock IA
84019083,IA,Hardin IA
84019085,IA,Harrison IA
84019087,IA,Henry IA
84019089,IA,Howard IA
84019091,IA,Humboldt IA
84019093,IA,Ida IA
84019095,IA,Iowa IA
84019097,IA,Jackson IA
84019099,IA,Jasper IA
84019101,IA,Jefferson IA
84019103,IA,Johnson IA
84019105,IA,Jones IA
84019107,IA,Keokuk IA
84019109,IA,Kossuth IA
84019111,IA,Lee IA
84019113,IA,Linn IA
84019115,IA,Louisa IA
84019117,IA,Lucas IA
84019119,IA,Lyon IA
84019121,IA,Madison IA
84019123,IA,Mahaska IA
84019125,IA,Marion IA
84019127,IA,Marshall IA
84019129,IA,Mills IA
84019131,IA,Mitchell IA
84019133,IA,Monona IA
84019135,IA,Monroe IA
84019137,IA,Montgomery IA
84019139,IA,Muscatine IA
84019141,IA,O'Brien IA
84019143,IA,Osceola IA
84080019,IA,Out of IA IA
84019145,IA,Page IA
84019147,IA,Palo Alto IA
84019149,IA,Plymouth IA
84019151,IA,Pocahontas IA
84019153,IA,Polk IA
84019155,IA,Pottawattamie IA
84019157,IA,Poweshiek IA
84019159,IA,Ringgold IA
84019161,IA,Sac IA
84019163,IA,Scott IA
84019165,IA,Shelby IA
84019167,IA,Sioux IA
84019169,IA,Story IA
84019171,IA,Tama IA
84019173,IA,Taylor IA
84019175,IA,Union IA
84019177,IA,Van Buren IA
84019179,IA,Wapello IA
84019181,IA,Warren IA
84019183,IA,Washington IA
84019185,IA,Wayne IA
84019187,IA,Webster IA
84019189,IA,Winnebago IA
84019191,IA,Winneshiek IA
84019193,IA,Woodbury IA
84019195,IA,Worth IA
84019197,IA,Wright IA
84020001,KS,Allen KS
84020003,KS,Anderson KS
84020005,KS,Atchison KS
84020007,KS,Barber KS
84020009,KS,Barton KS
84020011,KS,Bourbon KS
84020013,KS,Brown KS
84020015,KS,Butler KS
84020017,KS,Chase KS
84020019,KS,Chautauqua KS
84020021,KS,Cherokee KS
84020023,KS,Cheyenne KS
84020025,KS,Clark KS
84020027,KS,Clay KS
84020029,KS,Cloud KS
84020031,KS,Coffey KS
84020033,KS,Comanche KS
84020035,KS,Cowley KS
84020037,KS,Crawford KS
84020039,KS,Decatur KS
84020041,KS,Dickinson KS
84020043,KS,Doniphan KS
84020045,KS,Douglas KS
84020047,KS,Edwards KS
84020049,KS,Elk KS
84020051,KS,Ellis KS
84020053,KS,Ellsworth KS
84020055,KS,Finney KS
84020057,KS,Ford KS
84020059,KS,Franklin KS
84020061,KS,Geary KS
84020063,KS,Gove KS
84020065,KS,Graham KS
84020067,KS,Grant KS
84020069,KS,Gray KS
84020071,KS,Greeley KS
84020073,KS,Greenwood KS
84020075,KS,Hamilton KS
84020077,KS,Harper KS
84020079,KS,Harvey KS
84020081,KS,Haskell KS
84020083,KS,Hodgeman KS
84020085,KS,Jackson KS
84020087,KS,Jefferson KS
84020089,KS,Jewell KS
84020091,KS,Johnson KS
84020093,KS,Kearny KS
84020095,KS,Kingman KS
84020097,KS,Kiowa KS
84020099,KS,Labette KS
84020101,KS,Lane KS
84020103,KS,Leavenworth KS
84020105,KS,Lincoln KS
84020107,KS,Linn KS
84020109,KS,Logan KS
84020111,KS,Lyon KS
84020115,KS,Marion KS
84020117,KS,Marshall KS
84020113,KS,McPherson KS
84020119,KS,Meade KS
84020121,KS,Miami KS
84020123,KS,Mitchell KS
84020125,KS,Montgomery KS
84020127,KS,Morris KS
84020129,KS,Morton KS
84020131,KS,Nemaha KS
84020133,KS,Neosho KS
84020135,KS,Ness KS
84020137,KS,Norton KS
84020139,KS,Osage KS
84020141,KS,Osborne KS
84020143,KS,Ottawa KS
84080020,KS,Out of KS KS
84020145,KS,Pawnee KS
84020147,KS,Phillips KS
84020149,KS,Pottawatomie KS
84020151,KS,Pratt KS
84020153,KS,Rawlins KS
84020155,KS,Reno KS
84020157,KS,Republic KS
84020159,KS,Rice KS
84020161,KS,Riley KS
84020163,KS,Rooks KS
84020165,KS,Rush KS
84020167,KS,Russell KS
84020169,KS,Saline KS
84020171,KS,Scott KS
84020173,KS,Sedgwick KS
84020175,KS,Seward KS
84020177,KS,Shawnee KS
84020179,KS,Sheridan KS
84020181,KS,Sherman KS
84020183,KS,Smith KS
84020185,KS,Stafford KS
84020187,KS,Stanton KS
84020189,KS,Stevens KS
84020191,KS,Sumner KS
84020193,KS,Thomas KS
84020195,KS,Trego KS
84020197,KS,Wabaunsee KS
84020199,KS,Wallace KS
84020201,KS,Washington KS
84020203,KS,Wichita KS
84020205,KS,Wilson KS
84020207,KS,Woodson KS
84020209,KS,Wyandotte KS
84021001,KY,Adair KY
84021003,KY,Allen KY
84021005,KY,Anderson KY
84021007,KY,Ballard KY
84021009,KY,Barren KY
84021011,KY,Bath KY
84021013,KY,Bell KY
84021015,KY,Boone KY
84021017,KY,Bourbon KY
84021019,KY,Boyd KY
84021021,KY,Boyle KY
84021023,KY,Bracken KY
84021025,KY,Breathitt KY
84021027,KY,Breckinridge KY
84021029,KY,Bullitt KY
84021031,KY,Butler KY
84021033,KY,Caldwell KY
84021035,KY,Calloway KY
84021037,KY,Campbell KY
84021039,KY,Carlisle KY
84021041,KY,Carroll KY
84021043,KY,Carter KY
84021045,KY,Casey KY
84021047,KY,Christian KY
84021049,KY,Clark KY
84021051,KY,Clay KY
84021053,KY,Clinton KY
84021055,KY,Crittenden KY
84021057,KY,Cumberland KY
84021059,KY,Daviess KY
84021061,KY,Edmonson KY
84021063,KY,Elliott KY
84021065,KY,Estill KY
84021067,KY,Fayette KY
84021069,KY,Fleming KY
84021071,KY,Floyd KY
84021073,KY,Franklin KY
84021075,KY,Fulton KY
84021077,KY,Gallatin KY
84021079,KY,Garrard KY
84021081,KY,Grant KY
84021083,KY,Graves KY
84021085,KY,Grayson KY
84021087,KY,Green KY
84021089,KY,Greenup KY
84021091,KY,Hancock KY
84021093,KY,Hardin KY
84021095,KY,Harlan KY
84021097,KY,Harrison KY
84021099,KY,Hart KY
84021101,KY,Henderson KY
84021103,KY,Henry KY
84021105,KY,Hickman KY
84021107,KY,Hopkins KY
84021109,KY,Jackson KY
84021111,KY,Jefferson KY
84021113,KY,Jessamine KY
84021115,KY,Johnson KY
84021117,KY,Kenton KY
84021119,KY,Knott KY
84021121,KY,Knox KY
84021123,KY,Larue KY
84021125,KY,Laurel KY
84021127,KY,Lawrence KY
84021129,KY,Lee KY
84021131,KY,Leslie KY
84021133,KY,Letcher KY
84021135,KY,Lewis KY
84021137,KY,Lincoln KY
84021139,KY,Livingston KY
84021141,KY,Logan KY
84021143,KY,Lyon KY
84021151,KY,Madison KY
84021153,KY,Magoffin KY
84021155,KY,Marion KY
84021157,KY,Marshall KY
84021159,KY,Martin KY
84021161,KY,Mason KY
84021145,KY,McCracken KY
84021147,KY,McCreary KY
84021149,KY,McLean KY
84021163,KY,Meade KY
84021165,KY,Menifee KY
84021167,KY,Mercer KY
84021169,KY,Metcalfe KY
84021171,KY,Monroe KY
84021173,KY,Montgomery KY
84021175,KY,Morgan KY
84021177,KY,Muhlenberg KY
84021179,KY,Nelson KY
84021181,KY,Nicholas KY
84021183,KY,Ohio KY
84021185,KY,Oldham KY
84080021,KY,Out of KY KY
84021187,KY,Owen KY
84021189,KY,Owsley KY
84021191,KY,Pendleton KY
84021193,KY,Perry KY
84021195,KY,Pike KY
84021197,KY,Powell KY
84021199,KY,Pulaski KY
84021201,KY,Robertson KY
84021203,KY,Rockcastle KY
84021205,KY,Rowan KY
84021207,KY,Russell KY
84021209,KY,Scott KY
84021211,KY,Shelby KY
84021213,KY,Simpson KY
84021215,KY,Spencer KY
84021217,KY,Taylor KY
84021219,KY,Todd KY
84021221,KY,Trigg KY
84021223,KY,Trimble KY
84021225,KY,Union KY
84021227,KY,Warren KY
84021229,KY,Washington KY
84021231,KY,Wayne KY
84021233,KY,Webster KY
84021235,KY,Whitley KY
84021237,KY,Wolfe KY
84021239,KY,Woodford KY
84022001,LA,Acadia LA
84022003,LA,Allen LA
84022005,LA,Ascension LA
84022007,LA,Assumption LA
84022009,LA,Avoyelles LA
84022011,LA,Beauregard LA
84022013,LA,Bienville LA
84022015,LA,Bossier LA
84022017,LA,Caddo LA
84022019,LA,Calcasieu LA
84022021,LA,Caldwell LA
84022023,LA,Cameron LA
84022025,LA,Catahoula LA
84022027,LA,Claiborne LA
84022029,LA,Concordia LA
84022031,LA,De Soto LA
84022033,LA,East Baton Rouge LA
84022035,LA,East Carroll LA
84022037,LA,East Feliciana LA
84022039,LA,Evangeline LA
84022041,LA,Franklin LA
84022043,LA,Grant LA
84022045,LA,Iberia LA
84022047,LA,Iberville LA
84022049,LA,Jackson LA
84022051,LA,Jefferson LA
84022053,LA,Jefferson Davis LA
84022059,LA,LaSalle LA
84022055,LA,Lafayette LA
84022057,LA,Lafourche LA
84022061,LA,Lincoln LA
84022063,LA,Livingston LA
84022065,LA,Madison LA
84022067,LA,Morehouse LA
84022069,LA,Natchitoches LA
84022071,LA,Orleans LA
84022073,LA,Ouachita LA
84080022,LA,Out of LA LA
84022075,LA,Plaquemines LA
84022077,LA,Pointe Coupee LA
84022079,LA,Rapides LA
84022081,LA,Red River LA
84022083,LA,Richland LA
84022085,LA,Sabine LA
84022087,LA,St. Bernard LA
84022089,LA,St. Charles LA
84022091,LA,St. Helena LA
84022093,LA,St. James LA
84022095,LA,St. John the Baptist LA
84022097,LA,St. Landry LA
84022099,LA,St. Martin LA
84022101,LA,St. Mary LA
84022103,LA,St. Tammany LA
84022105,LA,Tangipahoa LA
84022107,LA,Tensas LA
84022109,LA,Terrebonne LA
84022111,LA,Union LA
84022113,LA,Vermilion LA
84022115,LA,Vernon LA
84022117,LA,Washington LA
84022119,LA,Webster LA
84022121,LA,West Baton Rouge LA
84022123,LA,West Carroll LA
84022125,LA,West Feliciana LA
84022127,LA,Winn LA
84023001,ME,Androscoggin ME
84023003,ME,Aroostook ME
84023005,ME,Cumberland ME
84023007,ME,Franklin ME
84023009,ME,Hancock ME
84023011,ME,Kennebec ME
84023013,ME,Knox ME
84023015,ME,Lincoln ME
84080023,ME,Out of ME ME
84023017,ME,Oxford ME
84023019,ME,Penobscot ME
84023021,ME,Piscataquis ME
84023023,ME,Sagadahoc ME
84023025,ME,Somerset ME
84023027,ME,Waldo ME
84023029,ME,Washington ME
84023031,ME,York ME
84024001,MD,Allegany MD
84024003,MD,Anne Arundel MD
84024005,MD,Baltimore MD
84024510,MD,Baltimore City MD
84024009,MD,Calvert MD
84024011,MD,Caroline MD
84024013,MD,Carroll MD
84024015,MD,Cecil MD
84024017,MD,Charles MD
84024019,MD,Dorchester MD
84024021,MD,Frederick MD
84024023,MD,Garrett MD
84024025,MD,Harford MD
84024027,MD,Howard MD
84024029,MD,Kent MD
84024031,MD,Montgomery MD
84080024,MD,Out of MD MD
84024033,MD,Prince George's MD
84024035,MD,Queen Anne's MD
84024039,MD,Somerset MD
84024037,MD,St. Mary's MD
84024041,MD,Talbot MD
84024043,MD,Washington MD
84024045,MD,Wicomico MD
84024047,MD,Worcester MD
84025001,MA,Barnstable MA
84025003,MA,Berkshire MA
84025005,MA,Bristol MA
84025007,MA,Dukes MA
84070002,MA,Dukes and Nantucket MA
84025009,MA,Essex MA
84025011,MA,Franklin MA
84025013,MA,Hampden MA
84025015,MA,Hampshire MA
84025017,MA,Middlesex MA
84025019,MA,Nantucket MA
84025021,MA,Norfolk MA
84080025,MA,Out of MA MA
84025023,MA,Plymouth MA
84025025,MA,Suffolk MA
84025027,MA,Worcester MA
84026001,MI,Alcona MI
84026003,MI,Alger MI
84026005,MI,Allegan MI
84026007,MI,Alpena MI
84026009,MI,Antrim MI
84026011,MI,Arenac MI
84026013,MI,Baraga MI
84026015,MI,Barry MI
84026017,MI,Bay MI
84026019,MI,Benzie MI
84026021,MI,Berrien MI
84026023,MI,Branch MI
84026025,MI,Calhoun MI
84026027,MI,Cass MI
84026029,MI,Charlevoix MI
84026031,MI,Cheboygan MI
84026033,MI,Chippewa MI
84026035,MI,Clare MI
84026037,MI,Clinton MI
84026039,MI,Crawford MI
84026041,MI,Delta MI
84026043,MI,Dickinson MI
84026045,MI,Eaton MI
84026047,MI,Emmet MI
84070005,MI,Federal Correctional Institution (FCI) MI
84026049,MI,Genesee MI
84026051,MI,Gladwin MI
84026053,MI,Gogebic MI
84026055,MI,Grand Traverse MI
84026057,MI,Gratiot MI
84026059,MI,Hillsdale MI
84026061,MI,Houghton MI
84026063,MI,Huron MI
84026065,MI,Ingham MI
84026067,MI,Ionia MI
84026069,MI,Iosco MI
84026071,MI,Iron MI
84026073,MI,Isabella MI
84026075,MI,Jackson MI
84026077,MI,Kalamazoo MI
84026079,MI,Kalkaska MI
84026081,MI,Kent MI
84026083,MI,Keweenaw MI
84026085,MI,Lake MI
84026087,MI,Lapeer MI
84026089,MI,Leelanau MI
84026091,MI,Lenawee MI
84026093,MI,Livingston MI
84026095,MI,Luce MI
84026097,MI,Mackinac MI
84026099,MI,Macomb MI
84026101,MI,Manistee MI
84026103,MI,Marquette MI
84026105,MI,Mason MI
84026107,MI,Mecosta MI
84026109,MI,Menominee MI
84070004,MI,Michigan Department of Corrections (MDOC) MI
84026111,MI,Midland MI
84026113,MI,Missaukee MI
84026115,MI,Monroe MI
84026117,MI,Montcalm MI
84026119,MI,Montmorency MI
84026121,MI,Muskegon MI
84026123,MI,Newaygo MI
84026125,MI,Oakland MI
84026127,MI,Oceana MI
84026129,MI,Ogemaw MI
84026131,MI,Ontonagon MI
84026133,MI,Osceola MI
84026135,MI,Oscoda MI
84026137,MI,Otsego MI
84026139,MI,Ottawa MI
84080026,MI,Out of MI MI
84026141,MI,Presque Isle MI
84026143,MI,Roscommon MI
84026145,MI,Saginaw MI
84026151,MI,Sanilac MI
84026153,MI,Schoolcraft MI
84026155,MI,Shiawassee MI
84026147,MI,St. Clair MI
84026149,MI,St. Joseph MI
84026157,MI,Tuscola MI
84026159,MI,Van Buren MI
84026161,MI,Washtenaw MI
84026163,MI,Wayne MI
84026165,MI,Wexford MI
84027001,MN,Aitkin MN
84027003,MN,Anoka MN
84027005,MN,Becker MN
84027007,MN,Beltrami MN
84027009,MN,Benton MN
84027011,MN,Big Stone MN
84027013,MN,Blue Earth MN
84027015,MN,Brown MN
84027017,MN,Carlton MN
84027019,MN,Carver MN
84027021,MN,Cass MN
84027023,MN,Chippewa MN
84027025,MN,Chisago MN
84027027,MN,Clay MN
84027029,MN,Clearwater MN
84027031,MN,Cook MN
84027033,MN,Cottonwood MN
84027035,MN,Crow Wing MN
84027037,MN,Dakota MN
84027039,MN,Dodge MN
84027041,MN,Douglas MN
84027043,MN,Faribault MN
84027045,MN,Fillmore MN
84027047,MN,Freeborn MN
84027049,MN,Goodhue MN
84027051,MN,Grant MN
84027053,MN,Hennepin MN
84027055,MN,Houston MN
84027057,MN,Hubbard MN
84027059,MN,Isanti MN
84027061,MN,Itasca MN
84027063,MN,Jackson MN
84027065,MN,Kanabec MN
84027067,MN,Kandiyohi MN
84027069,MN,Kittson MN
84027071,MN,Koochiching MN
84027073,MN,Lac qui Parle MN
84027075,MN,Lake MN
84027077,MN,Lake of the Woods MN
84027079,MN,Le Sueur MN
84027081,MN,Lincoln MN
84027083,MN,Lyon MN
84027087,MN,Mahnomen MN
84027089,MN,Marshall MN
84027091,MN,Martin MN
84027085,MN,McLeod MN
84027093,MN,Meeker MN
84027095,MN,Mille Lacs MN
84027097,MN,Morrison MN
84027099,MN,Mower MN
84027101,MN,Murray MN
84027103,MN,Nicollet MN
84027105,MN,Nobles MN
84027107,MN,Norman MN
84027109,MN,Olmsted MN
84027111,MN,Otter Tail MN
84080027,MN,Out of MN MN
84027113,MN,Pennington MN
84027115,MN,Pine MN
84027117,MN,Pipestone MN
84027119,MN,Polk MN
84027121,MN,Pope MN
84027123,MN,Ramsey MN
84027125,MN,Red Lake MN
84027127,MN,Redwood MN
84027129,MN,Renville MN
84027131,MN,Rice MN
84027133,MN,Rock MN
84027135,MN,Roseau MN
84027139,MN,Scott MN
84027141,MN,Sherburne MN
84027143,MN,Sibley MN
84027137,MN,St. Louis MN
84027145,MN,Stearns MN
84027147,MN,Steele MN
84027149,MN,Stevens MN
84027151,MN,Swift MN
84027153,MN,Todd MN
84027155,MN,Traverse MN
84027157,MN,Wabasha MN
84027159,MN,Wadena MN
84027161,MN,Waseca MN
84027163,MN,Washington MN
84027165,MN,Watonwan MN
84027167,MN,Wilkin MN
84027169,MN,Winona MN
84027171,MN,Wright MN
84027173,MN,Yellow Medicine MN
84028001,MS,Adams MS
84028003,MS,Alcorn MS
84028005,MS,Amite MS
84028007,MS,Attala MS
84028009,MS,Benton MS
84028011,MS,Bolivar MS
84028013,MS,Calhoun MS
84028015,MS,Carroll MS
84028017,MS,Chickasaw MS
84028019,MS,Choctaw MS
84028021,MS,Claiborne MS
84028023,MS,Clarke MS
84028025,MS,Clay MS
84028027,MS,Coahoma MS
84028029,MS,Copiah MS
84028031,MS,Covington MS
84028033,MS,DeSoto MS
84028035,MS,Forrest MS
84028037,MS,Franklin MS
84028039,MS,George MS
84028041,MS,Greene MS
84028043,MS,Grenada MS
84028045,MS,Hancock MS
84028047,MS,Harrison MS
84028049,MS,Hinds MS
84028051,MS,Holmes MS
84028053,MS,Humphreys MS
84028055,MS,Issaquena MS
84028057,MS,Itawamba MS
84028059,MS,Jackson MS
84028061,MS,Jasper MS
84028063,MS,Jefferson MS
84028065,MS,Jefferson Davis MS
84028067,MS,Jones MS
84028069,MS,Kemper MS
84028071,MS,Lafayette MS
84028073,MS,Lamar MS
84028075,MS,Lauderdale MS
84028077,MS,Lawrence MS
84028079,MS,Leake MS
84028081,MS,Lee MS
84028083,MS,Leflore MS
84028085,MS,Lincoln MS
84028087,MS,Lowndes MS
84028089,MS,Madison MS
84028091,MS,Marion MS
84028093,MS,Marshall MS
84028095,MS,Monroe MS
84028097,MS,Montgomery MS
84028099,MS,Neshoba MS
84028101,MS,Newton MS
84028103,MS,Noxubee MS
84028105,MS,Oktibbeha MS
84080028,MS,Out of MS MS
84028107,MS,Panola MS
84028109,MS,Pearl River MS
84028111,MS,Perry MS
84028113,MS,Pike MS
84028115,MS,Pontotoc MS
84028117,MS,Prentiss MS
84028119,MS,Quitman MS
84028121,MS,Rankin MS
84028123,MS,Scott MS
84028125,MS,Sharkey MS
84028127,MS,Simpson MS
84028129,MS,Smith MS
84028131,MS,Stone MS
84028133,MS,Sunflower MS
84028135,MS,Tallahatchie MS
84028137,MS,Tate MS
84028139,MS,Tippah MS
84028141,MS,Tishomingo MS
84028143,MS,Tunica MS
84028145,MS,Union MS
84028147,MS,Walthall MS
84028149,MS,Warren MS
84028151,MS,Washington MS
84028153,MS,Wayne MS
84028155,MS,Webster MS
84028157,MS,Wilkinson MS
84028159,MS,Winston MS
84028161,MS,Yalobusha MS
84028163,MS,Yazoo MS
84029001,MO,Adair MO
84029003,MO,Andrew MO
84029005,MO,Atchison MO
84029007,MO,Audrain MO
84029009,MO,Barry MO
84029011,MO,Barton MO
84029013,MO,Bates MO
84029015,MO,Benton MO
84029017,MO,Bollinger MO
84029019,MO,Boone MO
84029021,MO,Buchanan MO
84029023,MO,Butler MO
84029025,MO,Caldwell MO
84029027,MO,Callaway MO
84029029,MO,Camden MO
84029031,MO,Cape Girardeau MO
84029033,MO,Carroll MO
84029035,MO,Carter MO
84029037,MO,Cass MO
84029039,MO,Cedar MO
84029041,MO,Chariton MO
84029043,MO,Christian MO
84029045,MO,Clark MO
84029047,MO,Clay MO
84029049,MO,Clinton MO
84029051,MO,Cole MO
84029053,MO,Cooper MO
84029055,MO,Crawford MO
84029057,MO,Dade MO
84029059,MO,Dallas MO
84029061,MO,Daviess MO
84029063,MO,DeKalb MO
84029065,MO,Dent MO
84029067,MO,Douglas MO
84029069,MO,Dunklin MO
84029071,MO,Franklin MO
84029073,MO,Gasconade MO
84029075,MO,Gentry MO
84029077,MO,Greene MO
84029079,MO,Grundy MO
84029081,MO,Harrison MO
84029083,MO,Henry MO
84029085,MO,Hickory MO
84029087,MO,Holt MO
84029089,MO,Howard MO
84029091,MO,Howell MO
84029093,MO,Iron MO
84029095,MO,Jackson MO
84029097,MO,Jasper MO
84029099,MO,Jefferson MO
84029101,MO,Johnson MO
84070003,MO,Kansas City MO
84029103,MO,Knox MO
84029105,MO,Laclede MO
84029107,MO,Lafayette MO
84029109,MO,Lawrence MO
84029111,MO,Lewis MO
84029113,MO,Lincoln MO
84029115,MO,Linn MO
84029117,MO,Livingston MO
84029121,MO,Macon MO
84029123,MO,Madison MO
84029125,MO,Maries MO
84029127,MO,Marion MO
84029119,MO,McDonald MO
84029129,MO,Mercer MO
84029131,MO,Miller MO
84029133,MO,Mississippi MO
84029135,MO,Moniteau MO
84029137,MO,Monroe MO
84029139,MO,Montgomery MO
84029141,MO,Morgan MO
84029143,MO,New Madrid MO
84029145,MO,Newton MO
84029147,MO,Nodaway MO
84029149,MO,Oregon MO
84029151,MO,Osage MO
84080029,MO,Out of MO MO
84029153,MO,Ozark MO
84029155,MO,Pemiscot MO
84029157,MO,Perry MO
84029159,MO,Pettis MO
84029161,MO,Phelps MO
84029163,MO,Pike MO
84029165,MO,Platte MO
84029167,MO,Polk MO
84029169,MO,Pulaski MO
84029171,MO,Putnam MO
84029173,MO,Ralls MO
84029175,MO,Randolph MO
84029177,MO,Ray MO
84029179,MO,Reynolds MO
84029181,MO,Ripley MO
84029195,MO,Saline MO
84029197,MO,Schuyler MO
84029199,MO,Scotland MO
84029201,MO,Scott MO
84029203,MO,Shannon MO
84029205,MO,Shelby MO
84029183,MO,St. Charles MO
84029185,MO,St. Clair MO
84029187,MO,St. Francois MO
84029189,MO,St. Louis MO
84029510,MO,St. Louis City MO
84029186,MO,Ste. Genevieve MO
84029207,MO,Stoddard MO
84029209,MO,Stone MO
84029211,MO,Sullivan MO
84029213,MO,Taney MO
84029215,MO,Texas MO
84029217,MO,Vernon MO
84029219,MO,Warren MO
84029221,MO,Washington MO
84029223,MO,Wayne MO
84029225,MO,Webster MO
84029227,MO,Worth MO
84029229,MO,Wright MO
84030001,MT,Beaverhead MT
84030003,MT,Big Horn MT
84030005,MT,Blaine MT
84030007,MT,Broadwater MT
84030009,MT,Carbon MT
84030011,MT,Carter MT
84030013,MT,Cascade MT
84030015,MT,Chouteau MT
84030017,MT,Custer MT
84030019,MT,Daniels MT
84030021,MT,Dawson MT
84030023,MT,Deer Lodge MT
84030025,MT,Fallon MT
84030027,MT,Fergus MT
84030029,MT,Flathead MT
84030031,MT,Gallatin MT
84030033,MT,Garfield MT
84030035,MT,Glacier MT
84030037,MT,Golden Valley MT
84030039,MT,Granite MT
84030041,MT,Hill MT
84030043,MT,Jefferson MT
84030045,MT,Judith Basin MT
84030047,MT,Lake MT
84030049,MT,Lewis and Clark MT
84030051,MT,Liberty MT
84030053,MT,Lincoln MT
84030057,MT,Madison MT
84030055,MT,McCone MT
84030059,MT,Meagher MT
84030061,MT,Mineral MT
84030063,MT,Missoula MT
84030065,MT,Musselshell MT
84080030,MT,Out of MT MT
84030067,MT,Park MT
84030069,MT,Petroleum MT
84030071,MT,Phillips MT
84030073,MT,Pondera MT
84030075,MT,Powder River MT
84030077,MT,Powell MT
84030079,MT,Prairie MT
84030081,MT,Ravalli MT
84030083,MT,Richland MT
84030085,MT,Roosevelt MT
84030087,MT,Rosebud MT
84030089,MT,Sanders MT
84030091,MT,Sheridan MT
84030093,MT,Silver Bow MT
84030095,MT,Stillwater MT
84030097,MT,Sweet Grass MT
84030099,MT,Teton MT
84030101,MT,Toole MT
84030103,MT,Treasure MT
84030105,MT,Valley MT
84030107,MT,Wheatland MT
84030109,MT,Wibaux MT
84030111,MT,Yellowstone MT
84031001,NE,Adams NE
84031003,NE,Antelope NE
84031005,NE,Arthur NE
84031007,NE,Banner NE
84031009,NE,Blaine NE
84031011,NE,Boone NE
84031013,NE,Box Butte NE
84031015,NE,Boyd NE
84031017,NE,Brown NE
84031019,NE,Buffalo NE
84031021,NE,Burt NE
84031023,NE,Butler NE
84031025,NE,Cass NE
84031027,NE,Cedar NE
84031029,NE,Chase NE
84031031,NE,Cherry NE
84031033,NE,Cheyenne NE
84031035,NE,Clay NE
84031037,NE,Colfax NE
84031039,NE,Cuming NE
84031041,NE,Custer NE
84031043,NE,Dakota NE
84031045,NE,Dawes NE
84031047,NE,Dawson NE
84031049,NE,Deuel NE
84031051,NE,Dixon NE
84031053,NE,Dodge NE
84031055,NE,Douglas NE
84031057,NE,Dundy NE
84031059,NE,Fillmore NE
84031061,NE,Franklin NE
84031063,NE,Frontier NE
84031065,NE,Furnas NE
84031067,NE,Gage NE
84031069,NE,Garden NE
84031071,NE,Garfield NE
84031073,NE,Gosper NE
84031075,NE,Grant NE
84031077,NE,Greeley NE
84031079,NE,Hall NE
84031081,NE,Hamilton NE
84031083,NE,Harlan NE
84031085,NE,Hayes NE
84031087,NE,Hitchcock NE
84031089,NE,Holt NE
84031091,NE,Hooker NE
84031093,NE,Howard NE
84031095,NE,Jefferson NE
84031097,NE,Johnson NE
84031099,NE,Kearney NE
84031101,NE,Keith NE
84031103,NE,Keya Paha NE
84031105,NE,Kimball NE
84031107,NE,Knox NE
84031109,NE,Lancaster NE
84031111,NE,Lincoln NE
84031113,NE,Logan NE
84031115,NE,Loup NE
84031119,NE,Madison NE
84031117,NE,McPherson NE
84031121,NE,Merrick NE
84031123,NE,Morrill NE
84031125,NE,Nance NE
84031127,NE,Nemaha NE
84031129,NE,Nuckolls NE
84031131,NE,Otoe NE
84080031,NE,Out of NE NE
84031133,NE,Pawnee NE
84031135,NE,Perkins NE
84031137,NE,Phelps NE
84031139,NE,Pierce NE
84031141,NE,Platte NE
84031143,NE,Polk NE
84031145,NE,Red Willow NE
84031147,NE,Richardson NE
84031149,NE,Rock NE
84031151,NE,Saline NE
84031153,NE,Sarpy NE
84031155,NE,Saunders NE
84031157,NE,Scotts Bluff NE
84031159,NE,Seward NE
84031161,NE,Sheridan NE
84031163,NE,Sherman NE
84031165,NE,Sioux NE
84031167,NE,Stanton NE
84031169,NE,Thayer NE
84031171,NE,Thomas NE
84031173,NE,Thurston NE
84031175,NE,Valley NE
84031177,NE,Washington NE
84031179,NE,Wayne NE
84031181,NE,Webster NE
84031183,NE,Wheeler NE
84031185,NE,York NE
84032510,NV,Carson City NV
84032001,NV,Churchill NV
84032003,NV,Clark NV
84032005,NV,Douglas NV
84032007,NV,Elko NV
84032009,NV,Esmeralda NV
84032011,NV,Eureka NV
84032013,NV,Humboldt NV
84032015,NV,Lander NV
84032017,NV,Lincoln NV
84032019,NV,Lyon NV
84032021,NV,Mineral NV
84032023,NV,Nye NV
84080032,NV,Out of NV NV
84032027,NV,Pershing NV
84032029,NV,Storey NV
84032031,NV,Washoe NV
84032033,NV,White Pine NV
84033001,NH,Belknap NH
84033003,NH,Carroll NH
84033005,NH,Cheshire NH
84033007,NH,Coos NH
84033009,NH,Grafton NH
84033011,NH,Hillsborough NH
84033013,NH,Merrimack NH
84080033,NH,Out of NH NH
84033015,NH,Rockingham NH
84033017,NH,Strafford NH
84033019,NH,Sullivan NH
84034001,NJ,Atlantic NJ
84034003,NJ,Bergen NJ
84034005,NJ,Burlington NJ
84034007,NJ,Camden NJ
84034009,NJ,Cape May NJ
84034011,NJ,Cumberland NJ
84034013,NJ,Essex NJ
84034015,NJ,Gloucester NJ
84034017,NJ,Hudson NJ
84034019,NJ,Hunterdon NJ
84034021,NJ,Mercer NJ
84034023,NJ,Middlesex NJ
84034025,NJ,Monmouth NJ
84034027,NJ,Morris NJ
84034029,NJ,Ocean NJ
84080034,NJ,Out of NJ NJ
84034031,NJ,Passaic NJ
84034033,NJ,Salem NJ
84034035,NJ,Somerset NJ
84034037,NJ,Sussex NJ
84034039,NJ,Union NJ
84034041,NJ,Warren NJ
84035001,NM,Bernalillo NM
84035003,NM,Catron NM
84035005,NM,Chaves NM
84035006,NM,Cibola NM
84035007,NM,Colfax NM
84035009,NM,Curry NM
84035011,NM,De Baca NM
84035013,NM,Dona Ana NM
84035015,NM,Eddy NM
84035017,NM,Grant NM
84035019,NM,Guadalupe NM
84035021,NM,Harding NM
84035023,NM,Hidalgo NM
84035025,NM,Lea NM
84035027,NM,Lincoln NM
84035028,NM,Los Alamos NM
84035029,NM,Luna NM
84035031,NM,McKinley NM
84035033,NM,Mora NM
84035035,NM,Otero NM
84080035,NM,Out of NM NM
84035037,NM,Quay NM
84035039,NM,Rio Arriba NM
84035041,NM,Roosevelt NM
84035045,NM,San Juan NM
84035047,NM,San Miguel NM
84035043,NM,Sandoval NM
84035049,NM,Santa Fe NM
84035051,NM,Sierra NM
84035053,NM,Socorro NM
84035055,NM,Taos NM
84035057,NM,Torrance NM
84035059,NM,Union NM
84035061,NM,Valencia NM
84036001,NY,Albany NY
84036003,NY,Allegany NY
84036005,NY,Bronx NY
84036007,NY,Broome NY
84036009,NY,Cattaraugus NY
84036011,NY,Cayuga NY
84036013,NY,Chautauqua NY
84036015,NY,Chemung NY
84036017,NY,Chenango NY
84036019,NY,Clinton NY
84036021,NY,Columbia NY
84036023,NY,Cortland NY
84036025,NY,Delaware NY
84036027,NY,Dutchess NY
84036029,NY,Erie NY
84036031,NY,Essex NY
84036033,NY,Franklin NY
84036035,NY,Fulton NY
84036037,NY,Genesee NY
84036039,NY,Greene NY
84036041,NY,Hamilton NY
84036043,NY,Herkimer NY
84036045,NY,Jefferson NY
84036047,NY,Kings NY
84036049,NY,Lewis NY
84036051,NY,Livingston NY
84036053,NY,Madison NY
84036055,NY,Monroe NY
84036057,NY,Montgomery NY
84036059,NY,Nassau NY
84036061,NY,New York NY
84036063,NY,Niagara NY
84036065,NY,Oneida NY
84036067,NY,Onondaga NY
84036069,NY,Ontario NY
84036071,NY,Orange NY
84036073,NY,Orleans NY
84036075,NY,Oswego NY
84036077,NY,Otsego NY
84080036,NY,Out of NY NY
84036079,NY,Putnam NY
84036081,NY,Queens NY
84036083,NY,Rensselaer NY
84036085,NY,Richmond NY
84036087,NY,Rockland NY
84036091,NY,Saratoga NY
84036093,NY,Schenectady NY
84036095,NY,Schoharie NY
84036097,NY,Schuyler NY
84036099,NY,Seneca NY
84036089,NY,St. Lawrence NY
84036101,NY,Steuben NY
84036103,NY,Suffolk NY
84036105,NY,Sullivan NY
84036107,NY,Tioga NY
84036109,NY,Tompkins NY
84036111,NY,Ulster NY
84036113,NY,Warren NY
84036115,NY,Washington NY
84036117,NY,Wayne NY
84036119,NY,Westchester NY
84036121,NY,Wyoming NY
84036123,NY,Yates NY
84037001,NC,Alamance NC
84037003,NC,Alexander NC
84037005,NC,Alleghany NC
84037007,NC,Anson NC
84037009,NC,Ashe NC
84037011,NC,Avery NC
84037013,NC,Beaufort NC
84037015,NC,Bertie NC
84037017,NC,Bladen NC
84037019,NC,Brunswick NC
84037021,NC,Buncombe NC
84037023,NC,Burke NC
84037025,NC,Cabarrus NC
84037027,NC,Caldwell NC
84037029,NC,Camden NC
84037031,NC,Carteret NC
84037033,NC,Caswell NC
84037035,NC,Catawba NC
84037037,NC,Chatham NC
84037039,NC,Cherokee NC
84037041,NC,Chowan NC
84037043,NC,Clay NC
84037045,NC,Cleveland NC
84037047,NC,Columbus NC
84037049,NC,Craven NC
84037051,NC,Cumberland NC
84037053,NC,Currituck NC
84037055,NC,Dare NC
84037057,NC,Davidson NC
84037059,NC,Davie NC
84037061,NC,Duplin NC
84037063,NC,Durham NC
84037065,NC,Edgecombe NC
84037067,NC,Forsyth NC
84037069,NC,Franklin NC
84037071,NC,Gaston NC
84037073,NC,Gates NC
84037075,NC,Graham NC
84037077,NC,Granville NC
84037079,NC,Greene NC
84037081,NC,Guilford NC
84037083,NC,Halifax NC
84037085,NC,Harnett NC
84037087,NC,Haywood NC
84037089,NC,Henderson NC
84037091,NC,Hertford NC
84037093,NC,Hoke NC
84037095,NC,Hyde NC
84037097,NC,Iredell NC
84037099,NC,Jackson NC
84037101,NC,Johnston NC
84037103,NC,Jones NC
84037105,NC,Lee NC
84037107,NC,Lenoir NC
84037109,NC,Lincoln NC
84037113,NC,Macon NC
84037115,NC,Madison NC
84037117,NC,Martin NC
84037111,NC,McDowell NC
84037119,NC,Mecklenburg NC
84037121,NC,Mitchell NC
84037123,NC,Montgomery NC
84037125,NC,Moore NC
84037127,NC,Nash NC
84037129,NC,New Hanover NC
84037131,NC,Northampton NC
84037133,NC,Onslow NC
84037135,NC,Orange NC
84080037,NC,Out of NC NC
84037137,NC,Pamlico NC
84037139,NC,Pasquotank NC
84037141,NC,Pender NC
84037143,NC,Perquimans NC
84037145,NC,Person NC
84037147,NC,Pitt NC
84037149,NC,Polk NC
84037151,NC,Randolph NC
84037153,NC,Richmond NC
84037155,NC,Robeson NC
84037157,NC,Rockingham NC
84037159,NC,Rowan NC
84037161,NC,Rutherford NC
84037163,NC,Sampson NC
84037165,NC,Scotland NC
84037167,NC,Stanly NC
84037169,NC,Stokes NC
84037171,NC,Surry NC
84037173,NC,Swain NC
84037175,NC,Transylvania NC
84037177,NC,Tyrrell NC
84037179,NC,Union NC
84037181,NC,Vance NC
84037183,NC,Wake NC
84037185,NC,Warren NC
84037187,NC,Washington NC
84037189,NC,Watauga NC
84037191,NC,Wayne NC
84037193,NC,Wilkes NC
84037195,NC,Wilson NC
84037197,NC,Yadkin NC
84037199,NC,Yancey NC
84038001,ND,Adams ND
84038003,ND,Barnes ND
84038005,ND,Benson ND
84038007,ND,Billings ND
84038009,ND,Bottineau ND
84038011,ND,Bowman ND
84038013,ND,Burke ND
84038015,ND,Burleigh ND
84038017,ND,Cass ND
84038019,ND,Cavalier ND
84038021,ND,Dickey ND
84038023,ND,Divide ND
84038025,ND,Dunn ND
84038027,ND,Eddy ND
84038029,ND,Emmons ND
84038031,ND,Foster ND
84038033,ND,Golden Valley ND
84038035,ND,Grand Forks ND
84038037,ND,Grant ND
84038039,ND,Griggs ND
84038041,ND,Hettinger ND
84038043,ND,Kidder ND
84038045,ND,LaMoure ND
84038047,ND,Logan ND
84038049,ND,McHenry ND
84038051,ND,McIntosh ND
84038053,ND,McKenzie ND
84038055,ND,McLean ND
84038057,ND,Mercer ND
84038059,ND,Morton ND
84038061,ND,Mountrail ND
84038063,ND,Nelson ND
84038065,ND,Oliver ND
84080038,ND,Out of ND ND
84038067,ND,Pembina ND
84038069,ND,Pierce ND
84038071,ND,Ramsey ND
84038073,ND,Ransom ND
84038075,ND,Renville ND
84038077,ND,Richland ND
84038079,ND,Rolette ND
84038081,ND,Sargent ND
84038083,ND,Sheridan ND
84038085,ND,Sioux ND
84038087,ND,Slope ND
84038089,ND,Stark ND
84038091,ND,Steele ND
84038093,ND,Stutsman ND
84038095,ND,Towner ND
84038097,ND,Traill ND
84038099,ND,Walsh ND
84038101,ND,Ward ND
84038103,ND,Wells ND
84038105,ND,Williams ND
84039001,OH,Adams OH
84039003,OH,Allen OH
84039005,OH,Ashland OH
84039007,OH,Ashtabula OH
84039009,OH,Athens OH
84039011,OH,Auglaize OH
84039013,OH,Belmont OH
84039015,OH,Brown OH
84039017,OH,Butler OH
84039019,OH,Carroll OH
84039021,OH,Champaign OH
84039023,OH,Clark OH
84039025,OH,Clermont OH
84039027,OH,Clinton OH
84039029,OH,Columbiana OH
84039031,OH,Coshocton OH
84039033,OH,Crawford OH
84039035,OH,Cuyahoga OH
84039037,OH,Darke OH
84039039,OH,Defiance OH
84039041,OH,Delaware OH
84039043,OH,Erie OH
84039045,OH,Fairfield OH
84039047,OH,Fayette OH
84039049,OH,Franklin OH
84039051,OH,Fulton OH
84039053,OH,Gallia OH
84039055,OH,Geauga OH
84039057,OH,Greene OH
84039059,OH,Guernsey OH
84039061,OH,Hamilton OH
84039063,OH,Hancock OH
84039065,OH,Hardin OH
84039067,OH,Harrison OH
84039069,OH,Henry OH
84039071,OH,Highland OH
84039073,OH,Hocking OH
84039075,OH,Holmes OH
84039077,OH,Huron OH
84039079,OH,Jackson OH
84039081,OH,Jefferson OH
84039083,OH,Knox OH
84039085,OH,Lake OH
84039087,OH,Lawrence OH
84039089,OH,Licking OH
84039091,OH,Logan OH
84039093,OH,Lorain OH
84039095,OH,Lucas OH
84039097,OH,Madison OH
84039099,OH,Mahoning OH
84039101,OH,Marion OH
84039103,OH,Medina OH
84039105,OH,Meigs OH
84039107,OH,Mercer OH
84039109,OH,Miami OH
84039111,OH,Monroe OH
84039113,OH,Montgomery OH
84039115,OH,Morgan OH
84039117,OH,Morrow OH
84039119,OH,Muskingum OH
84039121,OH,Noble OH
84039123,OH,Ottawa OH
84080039,OH,Out of OH OH
84039125,OH,Paulding OH
84039127,OH,Perry OH
84039129,OH,Pickaway OH
84039131,OH,Pike OH
84039133,OH,Portage OH
84039135,OH,Preble OH
84039137,OH,Putnam OH
84039139,OH,Richland OH
84039141,OH,Ross OH
84039143,OH,Sandusky OH
84039145,OH,Scioto OH
84039147,OH,Seneca OH
84039149,OH,Shelby OH
84039151,OH,Stark OH
84039153,OH,Summit OH
84039155,OH,Trumbull OH
84039157,OH,Tuscarawas OH
84039159,OH,Union OH
84039161,OH,Van Wert OH
84039163,OH,Vinton OH
84039165,OH,Warren OH
84039167,OH,Washington OH
84039169,OH,Wayne OH
84039171,OH,Williams OH
84039173,OH,Wood OH
84039175,OH,Wyandot OH
84040001,OK,Adair OK
84040003,OK,Alfalfa OK
84040005,OK,Atoka OK
84040007,OK,Beaver OK
84040009,OK,Beckham OK
84040011,OK,Blaine OK
84040013,OK,Bryan OK
84040015,OK,Caddo OK
84040017,OK,Canadian OK
84040019,OK,Carter OK
84040021,OK,Cherokee OK
84040023,OK,Choctaw OK
84040025,OK,Cimarron OK
84040027,OK,Cleveland OK
84040029,OK,Coal OK
84040031,OK,Comanche OK
84040033,OK,Cotton OK
84040035,OK,Craig OK
84040037,OK,Creek OK
84040039,OK,Custer OK
84040041,OK,Delaware OK
84040043,OK,Dewey OK
84040045,OK,Ellis OK
84040047,OK,Garfield OK
84040049,OK,Garvin OK
84040051,OK,Grady OK
84040053,OK,Grant OK
84040055,OK,Greer OK
84040057,OK,Harmon OK
84040059,OK,Harper OK
84040061,OK,Haskell OK
84040063,OK,Hughes OK
84040065,OK,Jackson OK
84040067,OK,Jefferson OK
84040069,OK,Johnston OK
84040071,OK,Kay OK
84040073,OK,Kingfisher OK
84040075,OK,Kiowa OK
84040077,OK,Latimer OK
84040079,OK,Le Flore OK
84040081,OK,Lincoln OK
84040083,OK,Logan OK
84040085,OK,Love OK
84040093,OK,Major OK
84040095,OK,Marshall OK
84040097,OK,Mayes OK
84040087,OK,McClain OK
84040089,OK,McCurtain OK
84040091,OK,McIntosh OK
84040099,OK,Murray OK
84040101,OK,Muskogee OK
84040103,OK,Noble OK
84040105,OK,Nowata OK
84040107,OK,Okfuskee OK
84040109,OK,Oklahoma OK
84040111,OK,Okmulgee OK
84040113,OK,Osage OK
84040115,OK,Ottawa OK
84080040,OK,Out of OK OK
84040117,OK,Pawnee OK
84040119,OK,Payne OK
84040121,OK,Pittsburg OK
84040123,OK,Pontotoc OK
84040125,OK,Pottawatomie OK
84040127,OK,Pushmataha OK
84040129,OK,Roger Mills OK
84040131,OK,Rogers OK
84040133,OK,Seminole OK
84040135,OK,Sequoyah OK
84040137,OK,Stephens OK
84040139,OK,Texas OK
84040141,OK,Tillman OK
84040143,OK,Tulsa OK
84040145,OK,Wagoner OK
84040147,OK,Washington OK
84040149,OK,Washita OK
84040151,OK,Woods OK
84040153,OK,Woodward OK
84041001,OR,Baker OR
84041003,OR,Benton OR
84041005,OR,Clackamas OR
84041007,OR,Clatsop OR
84041009,OR,Columbia OR
84041011,OR,Coos OR
84041013,OR,Crook OR
84041015,OR,Curry OR
84041017,OR,Deschutes OR
84041019,OR,Douglas OR
84041021,OR,Gilliam OR
84041023,OR,Grant OR
84041025,OR,Harney OR
84041027,OR,Hood River OR
84041029,OR,Jackson OR
84041031,OR,Jefferson OR
84041033,OR,Josephine OR
84041035,OR,Klamath OR
84041037,OR,Lake OR
84041039,OR,Lane OR
84041041,OR,Lincoln OR
84041043,OR,Linn OR
84041045,OR,Malheur OR
84041047,OR,Marion OR
84041049,OR,Morrow OR
84041051,OR,Multnomah OR
84080041,OR,Out of OR OR
84041053,OR,Polk OR
84041055,OR,Sherman OR
84041057,OR,Tillamook OR
84041059,OR,Umatilla OR
84041061,OR,Union OR
84041063,OR,Wallowa OR
84041065,OR,Wasco OR
84041067,OR,Washington OR
84041069,OR,Wheeler OR
84041071,OR,Yamhill OR
84042001,PA,Adams PA
84042003,PA,Allegheny PA
84042005,PA,Armstrong PA
84042007,PA,Beaver PA
84042009,PA,Bedford PA
84042011,PA,Berks PA
84042013,PA,Blair PA
84042015,PA,Bradford PA
84042017,PA,Bucks PA
84042019,PA,Butler PA
84042021,PA,Cambria PA
84042023,PA,Cameron PA
84042025,PA,Carbon PA
84042027,PA,Centre PA
84042029,PA,Chester PA
84042031,PA,Clarion PA
84042033,PA,Clearfield PA
84042035,PA,Clinton PA
84042037,PA,Columbia PA
84042039,PA,Crawford PA
84042041,PA,Cumberland PA
84042043,PA,Dauphin PA
84042045,PA,Delaware PA
84042047,PA,Elk PA
84042049,PA,Erie PA
84042051,PA,Fayette PA
84042053,PA,Forest PA
84042055,PA,Franklin PA
84042057,PA,Fulton PA
84042059,PA,Greene PA
84042061,PA,Huntingdon PA
84042063,PA,Indiana PA
84042065,PA,Jefferson PA
84042067,PA,Juniata PA
84042069,PA,Lackawanna PA
84042071,PA,Lancaster PA
84042073,PA,Lawrence PA
84042075,PA,Lebanon PA
84042077,PA,Lehigh PA
84042079,PA,Luzerne PA
84042081,PA,Lycoming PA
84042083,PA,McKean PA
84042085,PA,Mercer PA
84042087,PA,Mifflin PA
84042089,PA,Monroe PA
84042091,PA,Montgomery PA
84042093,PA,Montour PA
84042095,PA,Northampton PA
84042097,PA,Northumberland PA
84080042,PA,Out of PA PA
84042099,PA,Perry PA
84042101,PA,Philadelphia PA
84042103,PA,Pike PA
84042105,PA,Potter PA
84042107,PA,Schuylkill PA
84042109,PA,Snyder PA
84042111,PA,Somerset PA
84042113,PA,Sullivan PA
84042115,PA,Susquehanna PA
84042117,PA,Tioga PA
84042119,PA,Union PA
84042121,PA,Venango PA
84042123,PA,Warren PA
84042125,PA,Washington PA
84042127,PA,Wayne PA
84042129,PA,Westmoreland PA
84042131,PA,Wyoming PA
84042133,PA,York PA
84044001,RI,Bristol RI
84044003,RI,Kent RI
84044005,RI,Newport RI
84080044,RI,Out of RI RI
84044007,RI,Providence RI
84044009,RI,Washington RI
84045001,SC,Abbeville SC
84045003,SC,Aiken SC
84045005,SC,Allendale SC
84045007,SC,Anderson SC
84045009,SC,Bamberg SC
84045011,SC,Barnwell SC
84045013,SC,Beaufort SC
84045015,SC,Berkeley SC
84045017,SC,Calhoun SC
84045019,SC,Charleston SC
84045021,SC,Cherokee SC
84045023,SC,Chester SC
84045025,SC,Chesterfield SC
84045027,SC,Clarendon SC
84045029,SC,Colleton SC
84045031,SC,Darlington SC
84045033,SC,Dillon SC
84045035,SC,Dorchester SC
84045037,SC,Edgefield SC
84045039,SC,Fairfield SC
84045041,SC,Florence SC
84045043,SC,Georgetown SC
84045045,SC,Greenville SC
84045047,SC,Greenwood SC
84045049,SC,Hampton SC
84045051,SC,Horry SC
84045053,SC,Jasper SC
84045055,SC,Kershaw SC
84045057,SC,Lancaster SC
84045059,SC,Laurens SC
84045061,SC,Lee SC
84045063,SC,Lexington SC
84045067,SC,Marion SC
84045069,SC,Marlboro SC
84045065,SC,McCormick SC
84045071,SC,Newberry SC
84045073,SC,Oconee SC
84045075,SC,Orangeburg SC
84080045,SC,Out of SC SC
84045077,SC,Pickens SC
84045079,SC,Richland SC
84045081,SC,Saluda SC
84045083,SC,Spartanburg SC
84045085,SC,Sumter SC
84045087,SC,Union SC
84045089,SC,Williamsburg SC
84045091,SC,York SC
84046003,SD,Aurora SD
84046005,SD,Beadle SD
84046007,SD,Bennett SD
84046009,SD,Bon Homme SD
84046011,SD,Brookings SD
84046013,SD,Brown SD
84046015,SD,Brule SD
84046017,SD,Buffalo SD
84046019,SD,Butte SD
84046021,SD,Campbell SD
84046023,SD,Charles Mix SD
84046025,SD,Clark SD
84046027,SD,Clay SD
84046029,SD,Codington SD
84046031,SD,Corson SD
84046033,SD,Custer SD
84046035,SD,Davison SD
84046037,SD,Day SD
84046039,SD,Deuel SD
84046041,SD,Dewey SD
84046043,SD,Douglas SD
84046045,SD,Edmunds SD
84046047,SD,Fall River SD
84046049,SD,Faulk SD
84046051,SD,Grant SD
84046053,SD,Gregory SD
84046055,SD,Haakon SD
84046057,SD,Hamlin SD
84046059,SD,Hand SD
84046061,SD,Hanson SD
84046063,SD,Harding SD
84046065,SD,Hughes SD
84046067,SD,Hutchinson SD
84046069,SD,Hyde SD
84046071,SD,Jackson SD
84046073,SD,Jerauld SD
84046075,SD,Jones SD
84046077,SD,Kingsbury SD
84046079,SD,Lake SD
84046081,SD,Lawrence SD
84046083,SD,Lincoln SD
84046085,SD,Lyman SD
84046091,SD,Marshall SD
84046087,SD,McCook SD
84046089,SD,McPherson SD
84046093,SD,Meade SD
84046095,SD,Mellette SD
84046097,SD,Miner SD
84046099,SD,Minnehaha SD
84046101,SD,Moody SD
84046102,SD,Oglala Lakota SD
84080046,SD,Out of SD SD
84046103,SD,Pennington SD
84046105,SD,Perkins SD
84046107,SD,Potter SD
84046109,SD,Roberts SD
84046111,SD,Sanborn SD
84046115,SD,Spink SD
84046117,SD,Stanley SD
84046119,SD,Sully SD
84046121,SD,Todd SD
84046123,SD,Tripp SD
84046125,SD,Turner SD
84046127,SD,Union SD
84046129,SD,Walworth SD
84046135,SD,Yankton SD
84046137,SD,Ziebach SD
84047001,TN,Anderson TN
84047003,TN,Bedford TN
84047005,TN,Benton TN
84047007,TN,Bledsoe TN
84047009,TN,Blount TN
84047011,TN,Bradley TN
84047013,TN,Campbell TN
84047015,TN,Cannon TN
84047017,TN,Carroll TN
84047019,TN,Carter TN
84047021,TN,Cheatham TN
84047023,TN,Chester TN
84047025,TN,Claiborne TN
84047027,TN,Clay TN
84047029,TN,Cocke TN
84047031,TN,Coffee TN
84047033,TN,Crockett TN
84047035,TN,Cumberland TN
84047037,TN,Davidson TN
84047041,TN,DeKalb TN
84047039,TN,Decatur TN
84047043,TN,Dickson TN
84047045,TN,Dyer TN
84047047,TN,Fayette TN
84047049,TN,Fentress TN
84047051,TN,Franklin TN
84047053,TN,Gibson TN
84047055,TN,Giles TN
84047057,TN,Grainger TN
84047059,TN,Greene TN
84047061,TN,Grundy TN
84047063,TN,Hamblen TN
84047065,TN,Hamilton TN
84047067,TN,Hancock TN
84047069,TN,Hardeman TN
84047071,TN,Hardin TN
84047073,TN,Hawkins TN
84047075,TN,Haywood TN
84047077,TN,Henderson TN
84047079,TN,Henry TN
84047081,TN,Hickman TN
84047083,TN,Houston TN
84047085,TN,Humphreys TN
84047087,TN,Jackson TN
84047089,TN,Jefferson TN
84047091,TN,Johnson TN
84047093,TN,Knox TN
84047095,TN,Lake TN
84047097,TN,Lauderdale TN
84047099,TN,Lawrence TN
84047101,TN,Lewis TN
84047103,TN,Lincoln TN
84047105,TN,Loudon TN
84047111,TN,Macon TN
84047113,TN,Madison TN
84047115,TN,Marion TN
84047117,TN,Marshall TN
84047119,TN,Maury TN
84047107,TN,McMinn TN
84047109,TN,McNairy TN
84047121,TN,Meigs TN
84047123,TN,Monroe TN
84047125,TN,Montgomery TN
84047127,TN,Moore TN
84047129,TN,Morgan TN
84047131,TN,Obion TN
84080047,TN,Out of TN TN
84047133,TN,Overton TN
84047135,TN,Perry TN
84047137,TN,Pickett TN
84047139,TN,Polk TN
84047141,TN,Putnam TN
84047143,TN,Rhea TN
84047145,TN,Roane TN
84047147,TN,Robertson TN
84047149,TN,Rutherford TN
84047151,TN,Scott TN
84047153,TN,Sequatchie TN
84047155,TN,Sevier TN
84047157,TN,Shelby TN
84047159,TN,Smith TN
84047161,TN,Stewart TN
84047163,TN,Sullivan TN
84047165,TN,Sumner TN
84047167,TN,Tipton TN
84047169,TN,Trousdale TN
84047171,TN,Unicoi TN
84047173,TN,Union TN
84047175,TN,Van Buren TN
84047177,TN,Warren TN
84047179,TN,Washington TN
84047181,TN,Wayne TN
84047183,TN,Weakley TN
84047185,TN,White TN
84047187,TN,Williamson TN
84047189,TN,Wilson TN
84048001,TX,Anderson TX
84048003,TX,Andrews TX
84048005,TX,Angelina TX
84048007,TX,Aransas TX
84048009,TX,Archer TX
84048011,TX,Armstrong TX
84048013,TX,Atascosa TX
84048015,TX,Austin TX
84048017,TX,Bailey TX
84048019,TX,Bandera TX
84048021,TX,Bastrop TX
84048023,TX,Baylor TX
84048025,TX,Bee TX
84048027,TX,Bell TX
84048029,TX,Bexar TX
84048031,TX,Blanco TX
84048033,TX,Borden TX
84048035,TX,Bosque TX
84048037,TX,Bowie TX
84048039,TX,Brazoria TX
84048041,TX,Brazos TX
84048043,TX,Brewster TX
84048045,TX,Briscoe TX
84048047,TX,Brooks TX
84048049,TX,Brown TX
84048051,TX,Burleson TX
84048053,TX,Burnet TX
84048055,TX,Caldwell TX
84048057,TX,Calhoun TX
84048059,TX,Callahan TX
84048061,TX,Cameron TX
84048063,TX,Camp TX
84048065,TX,Carson TX
84048067,TX,Cass TX
84048069,TX,Castro TX
84048071,TX,Chambers TX
84048073,TX,Cherokee TX
84048075,TX,Childress TX
84048077,TX,Clay TX
84048079,TX,Cochran TX
84048081,TX,Coke TX
84048083,TX,Coleman TX
84048085,TX,Collin TX
84048087,TX,Collingsworth TX
84048089,TX,Colorado TX
84048091,TX,Comal TX
84048093,TX,Comanche TX
84048095,TX,Concho TX
84048097,TX,Cooke TX
84048099,TX,Coryell TX
84048101,TX,Cottle TX
84048103,TX,Crane TX
84048105,TX,Crockett TX
84048107,TX,Crosby TX
84048109,TX,Culberson TX
84048111,TX,Dallam TX
84048113,TX,Dallas TX
84048115,TX,Dawson TX
84048123,TX,DeWitt TX
84048117,TX,Deaf Smith TX
84048119,TX,Delta TX
84048121,TX,Denton TX
84048125,TX,Dickens TX
84048127,TX,Dimmit TX
84048129,TX,Donley TX
84048131,TX,Duval TX
84048133,TX,Eastland TX
84048135,TX,Ector TX
84048137,TX,Edwards TX
84048141,TX,El Paso TX
84048139,TX,Ellis TX
84048143,TX,Erath TX
84048145,TX,Falls TX
84048147,TX,Fannin TX
84048149,TX,Fayette TX
84048151,TX,Fisher TX
84048153,TX,Floyd TX
84048155,TX,Foard TX
84048157,TX,Fort Bend TX
84048159,TX,Franklin TX
84048161,TX,Freestone TX
84048163,TX,Frio TX
84048165,TX,Gaines TX
84048167,TX,Galveston TX
84048169,TX,Garza TX
84048171,TX,Gillespie TX
84048173,TX,Glasscock TX
84048175,TX,Goliad TX
84048177,TX,Gonzales TX
84048179,TX,Gray TX
84048181,TX,Grayson TX
84048183,TX,Gregg TX
84048185,TX,Grimes TX
84048187,TX,Guadalupe TX
84048189,TX,Hale TX
84048191,TX,Hall TX
84048193,TX,Hamilton TX
84048195,TX,Hansford TX
84048197,TX,Hardeman TX
84048199,TX,Hardin TX
84048201,TX,Harris TX
84048203,TX,Harrison TX
84048205,TX,Hartley TX
84048207,TX,Haskell TX
84048209,TX,Hays TX
84048211,TX,Hemphill TX
84048213,TX,Henderson TX
84048215,TX,Hidalgo TX
84048217,TX,Hill TX
84048219,TX,Hockley TX
84048221,TX,Hood TX
84048223,TX,Hopkins TX
84048225,TX,Houston TX
84048227,TX,Howard TX
84048229,TX,Hudspeth TX
84048231,TX,Hunt TX
84048233,TX,Hutchinson TX
84048235,TX,Irion TX
84048237,TX,Jack TX
84048239,TX,Jackson TX
84048241,TX,Jasper TX
84048243,TX,Jeff Davis TX
84048245,TX,Jefferson TX
84048247,TX,Jim Hogg TX
84048249,TX,Jim Wells TX
84048251,TX,Johnson TX
84048253,TX,Jones TX
84048255,TX,Karnes TX
84048257,TX,Kaufman TX
84048259,TX,Kendall TX
84048261,TX,Kenedy TX
84048263,TX,Kent TX
84048265,TX,Kerr TX
84048267,TX,Kimble TX
84048269,TX,King TX
84048271,TX,Kinney TX
84048273,TX,Kleberg TX
84048275,TX,Knox TX
84048283,TX,La Salle TX
84048277,TX,Lamar TX
84048279,TX,Lamb TX
84048281,TX,Lampasas TX
84048285,TX,Lavaca TX
84048287,TX,Lee TX
84048289,TX,Leon TX
84048291,TX,Liberty TX
84048293,TX,Limestone TX
84048295,TX,Lipscomb TX
84048297,TX,Live Oak TX
84048299,TX,Llano TX
84048301,TX,Loving TX
84048303,TX,Lubbock TX
84048305,TX,Lynn TX
84048313,TX,Madison TX
84048315,TX,Marion TX
84048317,TX,Martin TX
84048319,TX,Mason TX
84048321,TX,Matagorda TX
84048323,TX,Maverick TX
84048307,TX,McCulloch TX
84048309,TX,McLennan TX
84048311,TX,McMullen TX
84048325,TX,Medina TX
84048327,TX,Menard TX
84048329,TX,Midland TX
84048331,TX,Milam TX
84048333,TX,Mills TX
84048335,TX,Mitchell TX
84048337,TX,Montague TX
84048339,TX,Montgomery TX
84048341,TX,Moore TX
84048343,TX,Morris TX
84048345,TX,Motley TX
84048347,TX,Nacogdoches TX
84048349,TX,Navarro TX
84048351,TX,Newton TX
84048353,TX,Nolan TX
84048355,TX,Nueces TX
84048357,TX,Ochiltree TX
84048359,TX,Oldham TX
84048361,TX,Orange TX
84080048,TX,Out of TX TX
84048363,TX,Palo Pinto TX
84048365,TX,Panola TX
84048367,TX,Parker TX
84048369,TX,Parmer TX
84048371,TX,Pecos TX
84048373,TX,Polk TX
84048375,TX,Potter TX
84048377,TX,Presidio TX
84048379,TX,Rains TX
84048381,TX,Randall TX
84048383,TX,Reagan TX
84048385,TX,Real TX
84048387,TX,Red River TX
84048389,TX,Reeves TX
84048391,TX,Refugio TX
84048393,TX,Roberts TX
84048395,TX,Robertson TX
84048397,TX,Rockwall TX
84048399,TX,Runnels TX
84048401,TX,Rusk TX
84048403,TX,Sabine TX
84048405,TX,San Augustine TX
84048407,TX,San Jacinto TX
84048409,TX,San Patricio TX
84048411,TX,San Saba TX
84048413,TX,Schleicher TX
84048415,TX,Scurry TX
84048417,TX,Shackelford TX
84048419,TX,Shelby TX
84048421,TX,Sherman TX
84048423,TX,Smith TX
84048425,TX,Somervell TX
84048427,TX,Starr TX
84048429,TX,Stephens TX
84048431,TX,Sterling TX
84048433,TX,Stonewall TX
84048435,TX,Sutton TX
84048437,TX,Swisher TX
84048439,TX,Tarrant TX
84048441,TX,Taylor TX
84048443,TX,Terrell TX
84048445,TX,Terry TX
84048447,TX,Throckmorton TX
84048449,TX,Titus TX
84048451,TX,Tom Green TX
84048453,TX,Travis TX
84048455,TX,Trinity TX
84048457,TX,Tyler TX
84048459,TX,Upshur TX
84048461,TX,Upton TX
84048463,TX,Uvalde TX
84048465,TX,Val Verde TX
84048467,TX,Van Zandt TX
84048469,TX,Victoria TX
84048471,TX,Walker TX
84048473,TX,Waller TX
84048475,TX,Ward TX
84048477,TX,Washington TX
84048479,TX,Webb TX
84048481,TX,Wharton TX
84048483,TX,Wheeler TX
84048485,TX,Wichita TX
84048487,TX,Wilbarger TX
84048489,TX,Willacy TX
84048491,TX,Williamson TX
84048493,TX,Wilson TX
84048495,TX,Winkler TX
84048497,TX,Wise TX
84048499,TX,Wood TX
84048501,TX,Yoakum TX
84048503,TX,Young TX
84048505,TX,Zapata TX
84048507,TX,Zavala TX
84070015,UT,Bear River UT
84049001,UT,Beaver UT
84049003,UT,Box Elder UT
84049005,UT,Cache UT
84049007,UT,Carbon UT
84070016,UT,Central Utah UT
84049009,UT,Daggett UT
84049011,UT,Davis UT
84049013,UT,Duchesne UT
84049015,UT,Emery UT
84049017,UT,Garfield UT
84049019,UT,Grand UT
84049021,UT,Iron UT
84049023,UT,Juab UT
84049025,UT,Kane UT
84049027,UT,Millard UT
84049029,UT,Morgan UT
84080049,UT,Out of UT UT
84049031,UT,Piute UT
84049033,UT,Rich UT
84049035,UT,Salt Lake UT
84049037,UT,San Juan UT
84049039,UT,Sanpete UT
84049041,UT,Sevier UT
84070017,UT,Southeast Utah UT
84070018,UT,Southwest Utah UT
84049043,UT,Summit UT
84049045,UT,Tooele UT
84070019,UT,TriCounty UT
84049047,UT,Uintah UT
84049049,UT,Utah UT
84049051,UT,Wasatch UT
84049053,UT,Washington UT
84049055,UT,Wayne UT
84049057,UT,Weber UT
84070020,UT,Weber-Morgan UT
84050001,VT,Addison VT
84050003,VT,Bennington VT
84050005,VT,Caledonia VT
84050007,VT,Chittenden VT
84050009,VT,Essex VT
84050011,VT,Franklin VT
84050013,VT,Grand Isle VT
84050015,VT,Lamoille VT
84050017,VT,Orange VT
84050019,VT,Orleans VT
84080050,VT,Out of VT VT
84050021,VT,Rutland VT
84050023,VT,Washington VT
84050025,VT,Windham VT
84050027,VT,Windsor VT
84051001,VA,Accomack VA
84051003,VA,Albemarle VA
84051510,VA,Alexandria VA
84051005,VA,Alleghany VA
84051007,VA,Amelia VA
84051009,VA,Amherst VA
84051011,VA,Appomattox VA
84051013,VA,Arlington VA
84051015,VA,Augusta VA
84051017,VA,Bath VA
84051019,VA,Bedford VA
84051021,VA,Bland VA
84051023,VA,Botetourt VA
84051520,VA,Bristol VA
84051025,VA,Brunswick VA
84051027,VA,Buchanan VA
84051029,VA,Buckingham VA
84051530,VA,Buena Vista VA
84051031,VA,Campbell VA
84051033,VA,Caroline VA
84051035,VA,Carroll VA
84051036,VA,Charles City VA
84051037,VA,Charlotte VA
84051540,VA,Charlottesville VA
84051550,VA,Chesapeake VA
84051041,VA,Chesterfield VA
84051043,VA,Clarke VA
84051570,VA,Colonial Heights VA
84051580,VA,Covington VA
84051045,VA,Craig VA
84051047,VA,Culpeper VA
84051049,VA,Cumberland VA
84051590,VA,Danville VA
84051051,VA,Dickenson VA
84051053,VA,Dinwiddie VA
84051595,VA,Emporia VA
84051057,VA,Essex VA
84051059,VA,Fairfax VA
84051600,VA,Fairfax City VA
84051610,VA,Falls Church VA
84051061,VA,Fauquier VA
84051063,VA,Floyd VA
84051065,VA,Fluvanna VA
84051067,VA,Franklin VA
84051620,VA,Franklin City VA
84051069,VA,Frederick VA
84051630,VA,Fredericksburg VA
84051640,VA,Galax VA
84051071,VA,Giles VA
84051073,VA,Gloucester VA
84051075,VA,Goochland VA
84051077,VA,Grayson VA
84051079,VA,Greene VA
84051081,VA,Greensville VA
84051083,VA,Halifax VA
84051650,VA,Hampton VA
84051085,VA,Hanover VA
84051660,VA,Harrisonburg VA
84051087,VA,Henrico VA
84051089,VA,Henry VA
84051091,VA,Highland VA
84051670,VA,Hopewell VA
84051093,VA,Isle of Wight VA
84051095,VA,James City VA
84051099,VA,King George VA
84051101,VA,King William VA
84051097,VA,King and Queen VA
84051103,VA,Lancaster VA
84051105,VA,Lee VA
84051678,VA,Lexington VA
84051107,VA,Loudoun VA
84051109,VA,Louisa VA
84051111,VA,Lunenburg VA
84051680,VA,Lynchburg VA
84051113,VA,Madison VA
84051683,VA,Manassas VA
84051685,VA,Manassas Park VA
84051690,VA,Martinsville VA
84051115,VA,Mathews VA
84051117,VA,Mecklenburg VA
84051119,VA,Middlesex VA
84051121,VA,Montgomery VA
84051125,VA,Nelson VA
84051127,VA,New Kent VA
84051700,VA,Newport News VA
84051710,VA,Norfolk VA
84051131,VA,Northampton VA
84051133,VA,Northumberland VA
84051720,VA,Norton VA
84051135,VA,Nottoway VA
84051137,VA,Orange VA
84080051,VA,Out of VA VA
84051139,VA,Page VA
84051141,VA,Patrick VA
84051730,VA,Petersburg VA
84051143,VA,Pittsylvania VA
84051735,VA,Poquoson VA
84051740,VA,Portsmouth VA
84051145,VA,Powhatan VA
84051147,VA,Prince Edward VA
84051149,VA,Prince George VA
84051153,VA,Prince William VA
84051155,VA,Pulaski VA
84051750,VA,Radford VA
84051157,VA,Rappahannock VA
84051159,VA,Richmond VA
84051760,VA,Richmond City VA
84051161,VA,Roanoke VA
84051770,VA,Roanoke City VA
84051163,VA,Rockbridge VA
84051165,VA,Rockingham VA
84051167,VA,Russell VA
84051775,VA,Salem VA
84051169,VA,Scott VA
84051171,VA,Shenandoah VA
84051173,VA,Smyth VA
84051175,VA,Southampton VA
84051177,VA,Spotsylvania VA
84051179,VA,Stafford VA
84051790,VA,Staunton VA
84051800,VA,Suffolk VA
84051181,VA,Surry VA
84051183,VA,Sussex VA
84051185,VA,Tazewell VA
84051810,VA,Virginia Beach VA
84051187,VA,Warren VA
84051191,VA,Washington VA
84051820,VA,Waynesboro VA
84051193,VA,Westmoreland VA
84051830,VA,Williamsburg VA
84051840,VA,Winchester VA
84051195,VA,Wise VA
84051197,VA,Wythe VA
84051199,VA,York VA
84053001,WA,Adams WA
84053003,WA,Asotin WA
84053005,WA,Benton WA
84053007,WA,Chelan WA
84053009,WA,Clallam WA
84053011,WA,Clark WA
84053013,WA,Columbia WA
84053015,WA,Cowlitz WA
84053017,WA,Douglas WA
84053019,WA,Ferry WA
84053021,WA,Franklin WA
84053023,WA,Garfield WA
84053025,WA,Grant WA
84053027,WA,Grays Harbor WA
84053029,WA,Island WA
84053031,WA,Jefferson WA
84053033,WA,King WA
84053035,WA,Kitsap WA
84053037,WA,Kittitas WA
84053039,WA,Klickitat WA
84053041,WA,Lewis WA
84053043,WA,Lincoln WA
84053045,WA,Mason WA
84053047,WA,Okanogan WA
84080053,WA,Out of WA WA
84053049,WA,Pacific WA
84053051,WA,Pend Oreille WA
84053053,WA,Pierce WA
84053055,WA,San Juan WA
84053057,WA,Skagit WA
84053059,WA,Skamania WA
84053061,WA,Snohomish WA
84053063,WA,Spokane WA
84053065,WA,Stevens WA
84053067,WA,Thurston WA
84053069,WA,Wahkiakum WA
84053071,WA,Walla Walla WA
84053073,WA,Whatcom WA
84053075,WA,Whitman WA
84053077,WA,Yakima WA
84054001,WV,Barbour WV
84054003,WV,Berkeley WV
84054005,WV,Boone WV
84054007,WV,Braxton WV
84054009,WV,Brooke WV
84054011,WV,Cabell WV
84054013,WV,Calhoun WV
84054015,WV,Clay WV
84054017,WV,Doddridge WV
84054019,WV,Fayette WV
84054021,WV,Gilmer WV
84054023,WV,Grant WV
84054025,WV,Greenbrier WV
84054027,WV,Hampshire WV
84054029,WV,Hancock WV
84054031,WV,Hardy WV
84054033,WV,Harrison WV
84054035,WV,Jackson WV
84054037,WV,Jefferson WV
84054039,WV,Kanawha WV
84054041,WV,Lewis WV
84054043,WV,Lincoln WV
84054045,WV,Logan WV
84054049,WV,Marion WV
84054051,WV,Marshall WV
84054053,WV,Mason WV
84054047,WV,McDowell WV
84054055,WV,Mercer WV
84054057,WV,Mineral WV
84054059,WV,Mingo WV
84054061,WV,Monongalia WV
84054063,WV,Monroe WV
84054065,WV,Morgan WV
84054067,WV,Nicholas WV
84054069,WV,Ohio WV
84080054,WV,Out of WV WV
84054071,WV,Pendleton WV
84054073,WV,Pleasants WV
84054075,WV,Pocahontas WV
84054077,WV,Preston WV
84054079,WV,Putnam WV
84054081,WV,Raleigh WV
84054083,WV,Randolph WV
84054085,WV,Ritchie WV
84054087,WV,Roane WV
84054089,WV,Summers WV
84054091,WV,Taylor WV
84054093,WV,Tucker WV
84054095,WV,Tyler WV
84054097,WV,Upshur WV
84054099,WV,Wayne WV
84054101,WV,Webster WV
84054103,WV,Wetzel WV
84054105,WV,Wirt WV
84054107,WV,Wood WV
84054109,WV,Wyoming WV
84055001,WI,Adams WI
84055003,WI,Ashland WI
84055005,WI,Barron WI
84055007,WI,Bayfield WI
84055009,WI,Brown WI
84055011,WI,Buffalo WI
84055013,WI,Burnett WI
84055015,WI,Calumet WI
84055017,WI,Chippewa WI
84055019,WI,Clark WI
84055021,WI,Columbia WI
84055023,WI,Crawford WI
84055025,WI,Dane WI
84055027,WI,Dodge WI
84055029,WI,Door WI
84055031,WI,Douglas WI
84055033,WI,Dunn WI
84055035,WI,Eau Claire WI
84055037,WI,Florence WI
84055039,WI,Fond du Lac WI
84055041,WI,Forest WI
84055043,WI,Grant WI
84055045,WI,Green WI
84055047,WI,Green Lake WI
84055049,WI,Iowa WI
84055051,WI,Iron WI
84055053,WI,Jackson WI
84055055,WI,Jefferson WI
84055057,WI,Juneau WI
84055059,WI,Kenosha WI
84055061,WI,Kewaunee WI
84055063,WI,La Crosse WI
84055065,WI,Lafayette WI
84055067,WI,Langlade WI
84055069,WI,Lincoln WI
84055071,WI,Manitowoc WI
84055073,WI,Marathon WI
84055075,WI,Marinette WI
84055077,WI,Marquette WI
84055078,WI,Menominee WI
84055079,WI,Milwaukee WI
84055081,WI,Monroe WI
84055083,WI,Oconto WI
84055085,WI,Oneida WI
84080055,WI,Out of WI WI
84055087,WI,Outagamie WI
84055089,WI,Ozaukee WI
84055091,WI,Pepin WI
84055093,WI,Pierce WI
84055095,WI,Polk WI
84055097,WI,Portage WI
84055099,WI,Price WI
84055101,WI,Racine WI
84055103,WI,Richland WI
84055105,WI,Rock WI
84055107,WI,Rusk WI
84055111,WI,Sauk WI
84055113,WI,Sawyer WI
84055115,WI,Shawano WI
84055117,WI,Sheboygan WI
84055109,WI,St. Croix WI
84055119,WI,Taylor WI
84055121,WI,Trempealeau WI
84055123,WI,Vernon WI
84055125,WI,Vilas WI
84055127,WI,Walworth WI
84055129,WI,Washburn WI
84055131,WI,Washington WI
84055133,WI,Waukesha WI
84055135,WI,Waupaca WI
84055137,WI,Waushara WI
84055139,WI,Winnebago WI
84055141,WI,Wood WI
84056001,WY,Albany WY
84056003,WY,Big Horn WY
84056005,WY,Campbell WY
84056007,WY,Carbon WY
84056009,WY,Converse WY
84056011,WY,Crook WY
84056013,WY,Fremont WY
84056015,WY,Goshen WY
84056017,WY,Hot Springs WY
84056019,WY,Johnson WY
84056021,WY,Laramie WY
84056023,WY,Lincoln WY
84056025,WY,Natrona WY
84056027,WY,Niobrara WY
84080056,WY,Out of WY WY
84056029,WY,Park WY
84056031,WY,Platte WY
84056033,WY,Sheridan WY
84056035,WY,Sublette WY
84056037,WY,Sweetwater WY
84056039,WY,Teton WY
84056041,WY,Uinta WY
84056043,WY,Washakie WY
84056045,WY,Weston WY
