Target,Source
WA,Adams WA
WA,Asotin WA
WA,Benton WA
WA,Chelan WA
WA,Clallam WA
WA,Clark WA
WA,Columbia WA
WA,Cowlitz WA
WA,Douglas WA
WA,Ferry WA
WA,Franklin WA
WA,Garfield WA
WA,Grant WA
WA,Grays Harbor WA
WA,Island WA
WA,Jefferson WA
WA,King WA
WA,Kitsap WA
WA,Kittitas WA
WA,Klickitat WA
WA,Lewis WA
WA,Lincoln WA
WA,Mason WA
WA,Okanogan WA
WA,Out of WA WA
WA,Pacific WA
WA,Pend Oreille WA
WA,Pierce WA
WA,San Juan WA
WA,Skagit WA
WA,Skamania WA
WA,Snohomish WA
WA,Spokane WA
WA,Stevens WA
WA,Thurston WA
WA,Wahkiakum WA
WA,Walla Walla WA
WA,Whatcom WA
WA,Whitman WA
WA,Yakima WA
